:020000040800F2
:10000000F0740020F101000897650008A35E000865
:10001000956500084D0A00084F8B0008000000009D
:100020000000000000000000000000002F69000830
:10003000EF0B0008000000000F6900083B69000892
:100040000B0200080B0200080B0200080B0200085C
:100050000B0200080B0200080B0200080B0200084C
:100060000B0200080B0200080B020008290B000815
:10007000350B00080B0200080B0200080B020008F9
:100080000B02000800000000A90800080B0200088D
:10009000E58A0008C9120008D51200080B02000802
:1000A0000B0200080B0200080B0200080B020008FC
:1000B0000B0200080B0200080B0200080B020008EC
:1000C0000B0200080B0200080B020008116900086F
:1000D0000B020008B57400080B0200080B020008B0
:1000E0000B0200080B0200080B0200080B020008BC
:1000F0000B0200080B0200080B02000800000000C1
:10010000000000000B020008000000000B020008C5
:100110000B02000800000000F96900080B0200084B
:100120000B0200080B0200080B0200080B0200087B
:100130000B02000800000000000000000B02000895
:100140000B0200080B020008000000000000000085
:10015000000000000000000000000000000000009F
:100160000000000000000000000000000B0200087A
:100170000B0200080000000000000000000000006A
:10018000000000000B02000800000000000000005A
:10019000000000000000000000000000000000005F
:1001A00000000000000000000B0200080B02000825
:1001B0000B0200080B0200080B0200080000000000
:1001C000000000000B02000800000000000000001A
:1001D0000B0200080B020008DFF810D000F0B8FA9C
:1001E00000480047F5980008AFF30080F074002045
:1001F0000648804706480047FEE7FEE7FEE7FEE7C1
:10020000FEE7FEE7FEE7FEE7FEE7FEE7E969000836
:10021000D90100082DE9F05F0546002092469B4673
:1002200088460646814640241BE02846414647460C
:10023000224600F08DF853465A46C01A914110D319
:1002400011461846224600F074F82D1A67EB010893
:100250004F4622460120002100F06BF817EB000901
:100260004E41201EA4F10104DFDC484631462A46F7
:100270004346BDE8F09F10B5431A934209D2831854
:10028000881803E010F8011D03F8011D521EF9D271
:1002900010BD40EA01039B0703D009E008C9121F03
:1002A00008C0042AFAD203E011F8013B00F8013B30
:1002B000521EF9D210BDD2B201E000F8012B491E46
:1002C000FBD270470022F6E710B513460A460446F3
:1002D0001946FFF7F0FF204610BDF0B4CA17CB0F48
:1002E00050405140C61841F100054FEAC3723146F3
:1002F00028004FF0960303D0B623F0BC00F041B8BD
:1003000030460021F9E730B50B4601460020202297
:10031000012409E021FA02F59D4205D303FA02F512
:10032000491B04FA02F52844151EA2F10102F1DC72
:1003300030BD202A04DB203A00FA02F10020704789
:100340009140C2F1200320FA03F319439040704713
:10035000202A04DB203A21FA02F00021704721FA1A
:1003600002F3D040C2F12002914008431946704781
:100370000029A8BF7047401C490008BF20F00100B9
:10038000704710B4B0FA80FC00FA0CF050EA010497
:1003900004BF10BC704749B1CCF1200421FA04F429
:1003A00011FA0CF118BF012121430843A3EB0C0102
:1003B000CB1D4FEA00614FEA102042BF002010BC65
:1003C000704700EBC35010440029A4BF10BC704715
:1003D000401C490008BF20F0010010BC70472DE907
:1003E000FE4F804681EA0300C00F0C46009021F0CA
:1003F000004123F00045B8EB0200A94105D2404678
:10040000214690461C460B46024623F0004010430E
:1004100047D0270DC7F30A00C3F30A510290401AD0
:10042000019040286BDAC3F3130040F4801B00985E
:10043000924620B10023D2EB030A63EB0B0B019829
:100440005946C0F140025046FFF773FF06460D467D
:1004500050465946019A00F08DF910EB08006141B1
:10046000002487EA115284EAE7731A4340D0009AC5
:1004700062B3019A012A4FEA075215DC001B61EBB7
:1004800002014FF0004202EA0752CDE90042001C8F
:1004900041F5801132462B4600F08DF903B0BDE8DE
:1004A000F08F40462146F9E7001B61EB0201001C7A
:1004B00041F5801300185B412018A2F5001747EBA7
:1004C000030140EAD570B6196D4111E06D084FEA9D
:1004D000360645EAC0754FEA0752001B61EB020180
:1004E000001C41F5801149084FEA300000195141C4
:1004F00032462B4603B0BDE8F04F00F04DB90098EE
:10050000012240000023D0EB020263EBE07300986D
:1005100021464FEAE074B8EB000061EB0401E9E723
:1005200083F000435BE781F0004158E72DE9FE4F7F
:1005300081EA030404F0004421F0004100944FF0EC
:10054000000B23F0004350EA01045ED052EA03049A
:100550005BD0C3F30A54C1F30A552C44A4F2F3341C
:100560000194A0FB0254C1F3130141F48011C3F3C1
:10057000130343F4801301FB024400FB034E840A7F
:10058000970A44EA815447EA8357A4FB0768029517
:100590008D0A05FB07854FEA932C04FB0C542705B5
:1005A000029D4FEA065847EA1637B5EB08056EEB91
:1005B000070C870E920E47EA811742EA8312A7FBC7
:1005C0000201B6EB0B0164EB00042B0D43EA0C3384
:1005D0005E1844EB1C50DA465146E7FB0201C5F3B6
:1005E00013044FEA0B3343EA14534FEA0432019CDD
:1005F00043EA0603A4F10C040294009CCDE900B484
:1006000000F0D9F803B0BDE8F08F00200146F9E70B
:100610002DE9F04D81EA030404F0004B21F0004580
:1006200014464FF0000A23F0004150EA050220D0A2
:1006300054EA01021DD0C5F30A570246C5F313035D
:10064000C1F31300C1F30A5640F4801543F480133C
:10065000A7EB0608101BD64608F2FD3873EB050021
:1006600002D308F1010801E092185B41B8F1000FD4
:1006700003DA00200146BDE8F08D00204FF4801120
:10068000064684460EE0171B73EB050705D3121BC5
:1006900063EB050306434CEA010C49084FEA3000BE
:1006A00092185B4150EA0107EDD152EA030012D0E3
:1006B00082EA040083EA0501084305D0101BAB4120
:1006C00006D20122002306E000224FF0004302E0A0
:1006D0006FF0010253101AEB06004CEB085110EBBF
:1006E0000A0041EB0B01BDE8F04D00F055B8C1F335
:1006F0000A52C1F3130140F2FF3341F480119A42D0
:1007000002DA00200146704740F233439A42A2F2D7
:10071000334202DC5242FFF71BBEFFF70ABE000065
:1007200030B5041E71F1000404DB4FF00044404278
:1007300064EB0101141E73F1000405DB1C464FF04D
:100740000043524263EB0403994208BF904230BD1C
:10075000064C074D06E0E06840F0010394E807000E
:1007600098471034AC42F6D3FFF73AFD889E000854
:10077000A89E0008202A06DBCB17203A41FA02F097
:1007800043EAE07306E041FA02F3D040C2F12002EE
:10079000914008431946704710B5141E73F10004C8
:1007A00008DA401C41F1000192185B411A4301D163
:1007B00020F0010010BD2DE9F04D92469B4611B18D
:1007C000B1FA81F202E0B0FA80F220329046FFF7EF
:1007D000B0FD04460F4640EA0A0041EA0B015346C9
:1007E0005A46084313D0114653EA010019D0C8F104
:1007F00040025046FFF7ACFD05460E4650465946AE
:100800004246FFF796FD084305D0012004E020464C
:100810003946BDE8F08D0020054346EAE0762C43DA
:1008200037430A986305E40AA0EB08000022FD0A9A
:1008300044EA47540A3002D500200146E9E70105A1
:1008400010196941DDE9084500196941BDE8F04D1D
:10085000A2E770B58C1810F8015B15F0070301D101
:1008600010F8013B2A1106D110F8012B03E010F813
:10087000016B01F8016B5B1EF9D12B0705D4002336
:10088000521E0DD401F8013BFAE710F8013BCB1AD8
:10089000921C03E013F8015B01F8015B521EF9D5CD
:1008A000A142D8D3002070BD10B5044801F02CFE41
:1008B000BDE81040024801F027BE00004C030020B4
:1008C000B803002070B5044600688168C1F3400594
:1008D00005F011FB48B345BB2068816801F00D01AC
:1008E000012914D18168124A1140891C8160216854
:1008F0000320086002F0F4FE054612E002F0F0FE6C
:10090000401B02280DD920688068C00709D0E06D1F
:1009100040F01000E065206E40F0010020660120EC
:1009200070BD20688068C007E8D1002070BD00005D
:10093000C0FFFF7FF8B5044600200090206805F056
:10094000DAFAE8BB20688168214A11422ED1816819
:10095000D6433140491C81601E48806800F0E07039
:1009600000020DD51C481D490068B0FBF1F0401C89
:1009700000EB4000800000E0401E00900028FBD10A
:1009800002F0AEFE05461CE005F0B5FA20B920687D
:1009900081683140491C816002F0A2FE401B0228A0
:1009A0000FD920680068C043C0070AD0E06D40F04E
:1009B0001000E065206E40F0010020660120F8BDC7
:1009C00004E020680168C943C907DDD10020F6E7CB
:1009D0003F0000800003005030000020400D030065
:1009E0002DE9F041184A04460120A08213461088E0
:1009F000D3F808C00C334FF4FA6793E86200B842AA
:100A000013D2401C1080B4F90400C31710EB0C0083
:100A10004B41C2E90203B4F90600C1174019714104
:100A2000C2E904010020BDE8F0813A460023604697
:100A3000FFF7F0FB20803A46002328463146FFF7B7
:100A4000E9FB60800120EEE7C8010020FEE70020FE
:100A5000704700207047000010B500220449054887
:100A600006F0B1FE0449034806F0A4FE002010BDC4
:100A700084150020B40C00208411002010B501461C
:100A8000034806F097FE024806F05CFE002010BD09
:100A9000B40C0020002070470A46094910B5D1F86F
:100AA000BC12D1F8141209B1012010BD014604484E
:100AB00006F089FEBDE81040014806F0EEBE0000D9
:100AC000B40C00200648016841F0807101600548BF
:100AD00000214160016841F00101016070470000A0
:100AE000FCED00E0001000E0B0F9041000EE101A78
:100AF000F8EEC00A9FED0B0A60EE800AC0ED020A14
:100B0000B0F9061001EE101AB8EEC11A21EE000A73
:100B100080ED030A30EE800AB1EE400A80ED040A4F
:100B200070470000D74C4E3F014802F003B8000068
:100B3000AC060020014801F0FDBF00000C070020BA
:100B400010B502680E4CD1B214230839A24203D268
:100B5000B1FBF3F10B4A04E0B1FBF3F1094A203297
:100B6000891D436C23F003031A448264054A8032D2
:100B7000C26401F01F0201219140016510BD000017
:100B800008040240000802400179084A01F07F0190
:100B900002EB81024265054A4432491E826501F03A
:100BA0001F0201219140C16570470000FC0802400E
:100BB00030B5D0E913456560446D14B1D0E91645F0
:100BC000656090F8444004F01F050124AC40056CBA
:100BD0006C60046863608368102B036803D09960BD
:100BE0000068C26030BD9A600068C16030BD704767
:100BF00070B54FF0FF320024094D0DE0035D5A40FF
:100C00000023D60702D085EA520200E052085B1C9E
:100C1000DBB2082BF5D3641C8C42EFD3D04370BDFC
:100C20002083B8ED014800787047000040030020A1
:100C30002DE9F04FFE482DED0C8BADF22C6D0DF52E
:100C4000806100F01DFA04460DF5A261F94800F03C
:100C500017FA54EA000118D0A4B198B1DDF81815BC
:100C6000DDF80804884202D30DF5806001E00DF53F
:100C7000A26000F0B7FA01200DF22C6DBDEC0C8BD8
:100C8000BDE8F08F002CF2D0EEE7EB4FEB4C4FF0CD
:100C900002083878002874D097F84E00002870D1E8
:100CA00097F84F000028FAD1E5480068C0F3C0204B
:100CB000CDF82406E3480068006A40F211110840AC
:100CC00000D001204FF40075CDF820062946684673
:100CD000FFF7F8FA294680A8FFF7F4FA05F03AF989
:100CE000064600259FEDD8BAD449BA46B0EE4B0A65
:100CF0003F780120F0EE40CAF0EE40AAF0EE408AC4
:100D0000B0EE409AB0EE40AAF0EE409AB0EE408AC3
:100D10008870F0EE400A00F025FD00F0D5FCC848D0
:100D2000016841F400610160142002F009F8002418
:100D30009FEDC6DAEB46DFEDC6BAB7EE00CA0DF599
:100D400000795EE0C4F3080000EE100AB8EE400A35
:100D500020EE2B0A60EE0DCADFEDBE0AB0EE6C0A83
:100D600000F0A0FD142001F0EBFFBAF84C10B1F533
:100D7000804F45D2881BB0F5005F03DDA0F58040B1
:100D800005E0F6E010F5005F01DA00F5804005446B
:100D9000C8090E46802800D3002000EE104AB8EEA5
:100DA000400A20EE2B0A20EE0D1A00EE105AB8EE83
:100DB000C00A20EE2B0ADFEDA80A60EE201A0CB95B
:100DC00071EEC1AA71EEC10A0BEB800109EB800044
:100DD00091ED000A70EEEA0A01EE01AA41EE219AB5
:100DE00078EE818A30EE200A39EE219A38EE0C8AAC
:100DF00081ED000A90ED000A30EE0C0A80ED000A49
:100E0000641CB4EB472F9DD3F0EE4B0AB0EE6C0A96
:100E100000F048FD142001F093FFDDF8240620B90E
:100E20008748016821F400610160DDF8200608B9F7
:100E300000F05CFC814C0020A070F0EE4BAA4D4607
:100E400005EB8001401C91ED000A80B2802870EE15
:100E50002AAAF5D300EE107AB8EE400ADFED7F0A39
:100E600020EE200AF6EE000A20EE200AB4EEEA0A8E
:100E7000F1EE10FA7DDC18EE100AB0F1804F78DB4D
:100E800068EE290A28EE0A1A754948EEC90A08EEE2
:100E9000E81A80EE810A10EE100A00EE689A084403
:100EA00070498842C9EE082A63D230EE4C1A0020FD
:100EB0005946DFED6D0A6D4E05EB800292ED000A9A
:100EC000B5EEC00AF1EE10FA14DD01EB800292EDEE
:100ED000002AC2EE001A00EE100AB8EE400A21EE17
:100EE000000A20EE2B2AB0EE620A02EE200A31EE52
:100EF000C00A01E0B0EE4B0A06EB8002401C80B253
:100F000082ED000A8028D7D3002105EB810090ED07
:100F1000000AB5EEC00AF1EE10FA63D108460A469F
:100F20000023401E00F07F0005EB80075B1C97ED5F
:100F3000000A9BB2B5EEC00AF1EE10FA01D1802B87
:100F4000EFD30023521C02F07F0205EB82075B1CEB
:100F500097ED000A9BB2B5EEC00AF1EE10FA01D18E
:100F6000802BEFD305EB800393ED000AB5EEC00AAA
:100F700000E07DE0F1EE10FA7BD005EB820393ED0B
:100F8000000AB5EEC00AF1EE10FA72D0131A8033DF
:100F9000DF1703EB576727F07F07DB1B00EE103AE4
:100FA0000B1A8033DF1703EB576727F07F07F8EE44
:100FB000C01ADB1B00EE103A06EB820206EB800043
:100FC000B8EEC01A92ED002A90ED000A06EB8100FF
:100FD00032EE402A22EE011A81EE212A32EE000A78
:100FE00080ED000A491C89B280298ED3002006EBCF
:100FF0008001401C91ED000A80B2802830EE0BBACF
:10100000F5D32BEE200A002006EB8001401CD1ED29
:10101000000A80B2802870EEC00AC1ED000AF3D346
:10102000124800F04FF818B301206070207022E6DB
:1010300000F0010800F801088002002040030020B1
:1010400014040048EC040020000000000000003BF5
:10105000DB0FC940CDCCCC3D000080380000004300
:101060003333B3C0CECC4C000000003CF06E002007
:10107000FFE784F8008002200DF22C6DFEE50000F1
:1010800010B50C4601464FF488722046FFF7F3F87E
:101090000B492068884210D1A08801280DD1E08832
:1010A00080280AD14FF486712046FFF7A1FDD4F8BD
:1010B0000C11884201D1012010BD002010BD00009C
:1010C000554C4941F0B5414CADF50D7D064644A95E
:1010D0002046FFF7D5FF3E4D012708B1469F06E0A9
:1010E00044A92846FFF7CCFF10B1469F25467F1C38
:1010F000FF224FF488716846FFF7DDF83548012478
:1011000000908020ADF80440334A9FED341A0297D6
:10111000DFED331AADF806000021F3EE000A4FF0C0
:1011200047476B4606EB810090ED000A20EE200A4F
:1011300010EE100A904201DDB0EE410A10EE100AE6
:10114000B84201D9B0EE610A03EB410CBDEEC00A12
:10115000491C89B210EE100A8029ACF80C00E1D3CA
:101160004FF486711846FFF743FD439000208890A6
:101170008990CDE988048A908B908C90A5F10060CD
:10118000C00ACDE98A0402F0B5F98CA988A802F05A
:10119000E7F858B96E46002406EBC4010020D1E9F7
:1011A000002305EBC40102F053F928B102F042F923
:1011B00000200DF50D7DF0BD641C222CECD302F057
:1011C00039F944A92846FFF75BFFF2E700F0010870
:1011D00000F80108554C494100FEFF4600FEFF465D
:1011E000000000C79FED0D0A0D4A002100EB4103EE
:1011F000B3F90C3000EE903A02EB8103491CF8EE93
:10120000E00A89B2802960EE800AC3ED000AEDD3BE
:101210000449012048700870704700000000803DBC
:10122000F06E00204003002070B5C309591C01F086
:101230007F0400F07F0100EE101ADFED1D0A1D4D46
:10124000B8EE400A1C4A697860EE200A61B99FED49
:101250001B0A002102EB8106491C89B286ED000AB7
:101260008029F7D30121697002EB840191ED001A06
:1012700002EB830191ED000A31EE401A00EE810A83
:1012800000EE900AF8EE600A30EEC00ADFED0C0ABC
:1012900010EE100AB0F18D4F01DB30EE600AB5EEB2
:1012A000C00AF1EE10FA01D230EE200A70BD000043
:1012B0000000003C40030020F06E00200000000011
:1012C0000000804672B6FEE7014801F004BE00004F
:1012D00024040020014801F0FEBD00002404002089
:1012E000F0B5D1E901650C692C430D68C6B145F034
:1012F00080452C43D1E90665354391F820704E694D
:10130000406D46EA076635438E8903EBC30300EB65
:10131000C30345EA0645E3E8024500200B4D0FE014
:1013200044EA8544E6E71418165CE77846EA07665F
:10133000A77864783F0447EA0424264340C3001D8D
:10134000CC682C5D8442EED8F0BD0000169E0008EB
:10135000144A107F1449012801D003280FD10B68CB
:1013600023F400730B600B6843F400630B600B689D
:1013700023F400630B600B6843F400730B600228D6
:1013800001D003280BD1086840F480500860086839
:1013900020F480500860086840F4806008600020F5
:1013A000107770471000002000200240C107054858
:1013B00003D0416941F004014161416941F4803148
:1013C000416170470020024008494A69C0B222F4D6
:1013D000FC7242EAC0004861486940F0020048617E
:1013E000486940F4803048617047000000200240A6
:1013F000054910B54C6944F001044C610260BFF32B
:101400006F8F436010BD000000200240094B10B5F3
:101410005C69402244F480245C61EFF3108372B66F
:1014200010C9521E10C012F0FF02F9D183F31088C8
:1014300010BD00000020024070B5064602F050F9D1
:101440000446124D06E002F04BF9001BB04201D9F0
:10145000032070BD2869C003F5D428694CF2FA3125
:1014600008400CD00A494A6802434A60810F01D003
:10147000A969A961810000D02861012070BD286997
:10148000C00701D001202861002070BD002002406B
:10149000100000200648B0EE001A80ED030A00EEAE
:1014A000810ADFED040A20EE200A80ED040A70476D
:1014B0002002002039CD133F10B51B4C2DED028BBF
:1014C00082B09FED188AD4ED050A94ED090AB0EEBA
:1014D000481A04F1C40000F069F884ED130AB0EE74
:1014E000481AD4ED060A94ED0A0A04F1D80000F077
:1014F0009DF884ED140AF0EE400A694601A894EDC7
:10150000081A94ED130A00F011F8DDED000A9DEDC4
:10151000010A00F027F994ED140A02B0BDEC028B29
:1015200010BD000017B751382002002070B50D46DD
:101530002DED048BB0EE419AF0EE408A0646B0EEF7
:10154000608AB0EE490A07F0E9FB0F4C84ED010A0E
:10155000B0EE490A07F03AFB84ED020A28EE800A51
:10156000D4ED010A08EE600A86ED000A94ED010A46
:10157000D4ED020A28EE800A08EE200A85ED000A62
:10158000BDEC048B70BD000020020020B4EEC10A47
:10159000F1EE10FA02DDB0EE410A7047B4EEE00A57
:1015A000F1EE10FAF9D2B0EE600A704710B50446B9
:1015B0001A48DFED1B1A2DED028B90ED0C2AC4EDBD
:1015C000001AB5EEC02AF1EE10FA02DDDFED151AB1
:1015D00001E0DFED151A30EE608AC4ED011A94EDDA
:1015E000020A61EE880A00EE810A84ED020A94ED97
:1015F000041AD4ED030AFFF7C9FF84ED020AD4ED03
:10160000000A94ED041A00EE880AD4ED030ABDEC3A
:10161000028BBDE81040FFF7B9BF00002002002098
:101620005EA024399A99D93F7D3F753F70B570EE21
:10163000600A124D0446C5ED120AD0ED011A90ED74
:10164000020A61EEA00A00EE810A80ED020A90ED26
:10165000041AD0ED030AFFF799FF84ED020AD4EDD6
:10166000000A95ED121A00EE810A94ED041AD4EDE9
:10167000030ABDE87040FFF789BF00002002002088
:1016800070B50F4B597819B158800020587070BD53
:101690005988411A11F5005F02DA01F5804104E032
:1016A000B1F5005F01DDA1F58041064ACE17D2E910
:1016B000065469187441C2E90614588070BD0000D0
:1016C000200200202003002010B50021064803F06E
:1016D000A5FF0421044803F0A1FFBDE81040082144
:1016E000014803F09BBF0000EC04002010B500216E
:1016F000064804F017F80421044804F013F8BDE884
:1017000010400821014804F00DB80000EC0400204E
:1017100010B52DED048BB0EE419AF0EE408AB0EE9C
:10172000608AB0EE490A07F0F9FA0D4C84ED010A1F
:10173000B0EE490A07F04AFA84ED020A68EE800A20
:1017400094ED011A28EE000A48EE010A08EEC10ADB
:10175000C4ED050A84ED060ABDEC048B10BD000043
:101760002002002010B5BEEE001A2DED068B20EEF3
:10177000011AB0EE402A9FED410AF0EE411A00EE48
:10178000C01A40EE801AB0EE420AF4EEC01AF1EE32
:1017900010FA01DDB0EE610AB4EEC01AF1EE10FAF3
:1017A00001DDB0EE410AF0EE420AF4EEE01AF1EE8D
:1017B00010FA01D2F0EE610AB4EEE01AF1EE10FA7E
:1017C00001D2F0EE410ADFED2E9A30EE200AF6EE5D
:1017D000000A9FED2CAA20EE200A31EE401A32EECC
:1017E000402A71EEC01A30EEC19A30EEC20A30EED5
:1017F000E18AB0EE691AF0EE4A0AFFF7C7FEF0EE92
:10180000408AB0EE691AF0EE4A0AB0EE480AFFF7D5
:10181000BDFEB0EE408AB0EE691AF0EE4A0AB0EEB4
:10182000490AFFF7B3FE184A1168C86A401C00EE67
:10183000900AF8EE600A68EEA00AFCEEE00A10EEEC
:10184000903A4B6300EE900A1368F8EE600A68EE77
:10185000200AFCEEE00A10EE901A996300EE900A5E
:101860001168F8EE600A20EE200ABCEEC00A10EE05
:10187000100AC863BDEC068B10BD0000D7B35D3FF6
:1018800048E17A3F0AD7A33CEC0400201CB5694626
:1018900001A8FFF74BFEDDED000A9DED010AFFF701
:1018A00061FF1CBD10B5F0EE601A2DED048BB0EE9B
:1018B000409AB6EE001ADFED0E0AB0EE610AFFF7AD
:1018C00065FEB0EE408AB0EE490A07F07FF960EE9F
:1018D000088AB0EE490A07F021FA60EE080AB0EE75
:1018E000680ABDEC048BBDE81040FFF73BBF000069
:1018F0000000000070B5214C03460A46207820B154
:10190000C4E916310020207070BDD4E91605C4E981
:101910001632181A62EB05014FF4005300221B1A0D
:101920008A4103DA164A801841F1FF31154A821ABA
:1019300071F1FF3204DA4FF48042801841F1000166
:10194000FEF7CBFC00EE100ADFED0F0A20EE200AB6
:10195000DFED0E0A80EE201A84ED0B1A94ED0B0ACF
:10196000D4ED0C0A9FED0A1A70EE600A94ED0C0A91
:1019700000EE810A84ED0C0A70BD000020020020F8
:1019800000C0FFFF00E0FFFF000070426F128341C4
:10199000CDCCCC3D10B504F0DDFA124CA4F84C00CF
:1019A000FFF742FCDFED100AA4F1600220EE200AEE
:1019B000DFED0E0A60EE200AC2ED070A94F901007D
:1019C000217810FB01F000EE100AB8EEC01A94ED79
:1019D000010A01EE200A82ED080A00F009F882ED02
:1019E000080A10BD80020020DB0FC94000008038CB
:1019F000DFED090A094901E030EE600A10EE100A35
:101A00008842F9DA01E030EE200AB5EEC00AF1EEC4
:101A100010FAF8D370470000DB0FC940DB0FC94054
:101A2000F8B500250446009590F858000E460128A8
:101A30000BD0012084F858002046FEF743FF020037
:101A4000E06D04D040F010002AE00220F8BD20F440
:101A5000885040F00200E06520688168134B19400F
:101A600006F08043194341F000418160104B20682B
:101A70000EE00099491C0091994209D3E06D20F0D5
:101A8000020040F01000E06584F858500120F8BDD5
:101A90008168C90FEDD1E06D20F0020040F0010037
:101AA000E06584F858501046F8BD0000C0FFFF3FC5
:101AB00002DE0400704700002DE9F84F4FF00008E7
:101AC0000446CDF800800D4694F85820DFF80094C5
:101AD000616947464046012A0AD00126FD4A84F83A
:101AE000586041B1296A012905D0A36EEBB129E004
:101AF0000220BDE8F88F6868092838D1A96A4FF438
:101B0000785041B12B6801F07C0100EA5340084352
:101B1000E96A084302E0296800EA51402168CB6C79
:101B200013400343CB64606621E0C4E91971A96ADC
:101B3000286A31B101F07C01401E0843E96A08437C
:101B400000E0401E2968C1F38463297901F01F0178
:101B50008B400343A06E401EA066616E41EA030104
:101B6000616604D12068C36C13400B43C3642068D2
:101B700004F0BDF958B995F8250098B12068C168FE
:101B800095F8262021F4401141EA4251C1602068B5
:101B900004F0BDF98246206804F0A9F95AEA000170
:101BA0000DD0FAE095F8260095F82410400540EA9B
:101BB00001512068C26822F440121143E6E7A86A86
:101BC00030B1E86A20B195F8250001285DD003E026
:101BD00095F82500012804D02068C16821F0007123
:101BE00003E02068C16841F00071C16095F83000E1
:101BF000012851D02068016921F002010161AA6821
:101C000029682068B2F1004F37D004F08CF92068C1
:101C1000416921F00041416120686A69C168C1F3EE
:101C2000C10149008A402969042943D000EB8100A1
:101C30002B68016EDFF8A0C203F0F84301EA0C0143
:101C40001343194341F00041016622682869A969DC
:101C500002EB8000026E22F080720A430266297F46
:101C600022682869012922D0002102EB8000026E3F
:101C700022F000720A4302668FE0002204F053F95A
:101C80002068416941F00041C5E7E06D40F0200067
:101C9000E0654FF00108A9E7D5E90D100143206880
:101CA000026922F4FF7242F002021143A6E74FF0EC
:101CB0000071DAE7002104F010F9400320684FF0CA
:101CC000000171D004F009F990FAA0F0B0FA80F1A7
:101CD000286842036DD090FAA0F0B0FA80F08142FB
:101CE00004D100221146206804F02CF9012120685B
:101CF00004F0F3F8400320684FF001015CD004F0D9
:101D0000ECF890FAA0F0B0FA80F12868420358D0BD
:101D100090FAA0F0B0FA80F0814204D100220121B3
:101D2000206804F00FF90221206804F0D6F840037F
:101D300020684FF0020147D004F0CFF890FAA0F0ED
:101D4000B0FA80F12868420343D090FAA0F0B0FACC
:101D500080F0814204D100220221206804F0F2F8D0
:101D60000321206804F0B9F8400320684FF0030114
:101D700032D004F0B2F890FAA0F0B0FA80F12868FE
:101D800042032ED090FAA0F0B0FA80F0814204D144
:101D900000220321206804F0D5F8206804F0AFF891
:101DA00010B3B3E000E004E004F097F8C0F38461FE
:101DB0008EE7C0F3846092E704F08FF8C0F384618B
:101DC000A3E7C0F38460A7E704F087F8C0F3846159
:101DD000B8E7C0F38460BCE704F07FF8C0F3846127
:101DE000CDE7C0F38460D1E721682A7B286851F8E9
:101DF000B03FC0F3120C23EA0C0302F0180C374A70
:101E000022FA0CF2024013430B60E96849457DD188
:101E1000286841031AD090FAA0F1B1FA81F1491C67
:101E200001F01F0109294FEA403130D8002910D0B4
:101E300090FAA0F1B1FA81F101F1010101F01F0165
:101E400006FA01F608D1C0F3846109E0C0F38461A9
:101E5000E5E7C0F38461EFE790FAA0F1B1FA81F110
:101E600001F1010101F01F0146EA816102D1C0F3D5
:101E7000846003E090FAA0F0B0FA80F000F1010075
:101E800000F01F0000EB400041EA00513AE0002959
:101E90000DD090FAA0F1B1FA81F101F1010101F048
:101EA0001F0106FA01F605D1C0F3846106E0C0F314
:101EB0008461F2E790FAA0F1B1FA81F101F1010138
:101EC00001F01F0146EA81610BD1C0F384600CE090
:101ED00000007F400040100400F0FF03FFFF0700F8
:101EE00014E090FAA0F0B0FA80F000F1010000F0E8
:101EF0001F002B4A00EB400002EB005041EA0001BA
:101F000041F00071AA68206804F00DF8254829689E
:101F1000014240D0244A9068244B00F0E07099427E
:101F200002D0234B99421BD1030219D42168B1F18D
:101F3000A04F30D1916840F4000021F0E0710143DE
:101F400091601C481C490068B0FBF1F0801C00EB5C
:101F50004000800000E0401E00900028FBD11AE005
:101F6000164D174BA94207D1C50105D421689942E6
:101F700011D040F0807009E0124DA9420BD141020E
:101F800009D42168994206D040F48000916821F07C
:101F9000E0710143916084F858704046A9E5000063
:101FA000000020FE0000088000030050000021C354
:101FB0001000C09030000020400D0300000052C708
:101FC00000010050000084CB2DE9F05F2DED028B65
:101FD0000068B0F1A04F5CD1FEF774FDA44D6C68B1
:101FE0000921A44800F074F9A34F0921F860A3481F
:101FF00000F06EF93861FFF7CDFCDFF88492B9F894
:102000004C00FFF73DFB6868DFF878B2011B9E4C7F
:10201000CBF800107879A0B36088B989081AE080FD
:102020002088398A081AA0802046FEF75DFD94EDCD
:10203000020A964910EE100A00250126884213DC98
:1020400010EE100A924A90420ED8D4ED030A10EE18
:10205000900A884208DC10EE900A904204D8206969
:10206000884201DC904218D97D703E708948016831
:1020700021F400610160BDEC028BBDE8F05FFFF769
:1020800035BBB889E080388AA0807F48FEF7A8FC7D
:102090007871BDEC028BBDE8F09FFFF7FBF97F483C
:1020A000DFF8F481D0ED000A7D4898ED001A90ED3C
:1020B000000AFFF72DFB99F84E00DFF8E8A1DFEDED
:1020C0007A8A9FED7A8A7A4CD0B1387A9AED000AF2
:1020D000B8B3D7ED090A30EE600A89ED150A94ED20
:1020E000000AD7ED0A0A30EE600AF0EE480A89EDE0
:1020F000140AB0EE680AFFF7D5FB3D7289F84E501E
:1021000099F84F00A0B1787A94ED000A40B3D7ED6A
:10211000080A30EE600AF0EE680A89ED140A98EDBC
:10212000001AB0EE480AFFF7B1FB7D7289F84F50F4
:10213000FEF778FD032821D07878F8B13878D8B147
:102140001CE0FFE787ED090A94ED000A87ED0A0A13
:10215000DFED580AB0EE680AFFF7A4FB3E72CFE746
:1021600087ED080A98ED001AF5EE000AB0EE480A6D
:10217000FFF78CFB7E72DBE7FFF79EF9F879E0B39F
:102180000020F871F978DFF830C1DFF83081DFF82E
:1021900030E19FED4C0A89B388B3B9F84C0000EEEA
:1021A000900AB87900EB4002F8EE600A02EBC00337
:1021B000454A02EB8302344BC2ED000ADCED000A13
:1021C000C2ED010AD8ED000AC2ED020ADEED000AF6
:1021D000C2ED030ADAED000AC2ED040AD4ED000AEA
:1021E000C2ED050AD3ED020AC2ED060AD3ED030AD9
:1021F000C2ED070AD3ED040A02E025E026E011E073
:10220000C2ED080ADBED000A8023F8EE600A80EEDA
:10221000801A82ED091A82F82A307F2382F82B3047
:10222000401CB871B879C828FFF433AF7869401CF6
:102230007861B0F5AF7F01DB3E717D61BE70A1B109
:102240000020F870BD7124E701209AE70028E9D04A
:10225000B9F84C0000EE900AB87900EB400202EBAE
:10226000C003F8EE600A194AA3E70120E9E700007D
:10227000001000E04C030020F0010020B803002013
:102280008002002044030020841900200000FA444A
:102290000000FAC41404004840020020300200206C
:1022A0002C0200203402002000000000CDCC4C3D68
:1022B000380200209A99993E4802002054020020DA
:1022C0005002002000D00446904C0020302A00200C
:1022D0000068A1F580710F390ED0B1F5837F08D069
:1022E000B1F5037F02D0D0F880007047D0F88C00A1
:1022F0007047D0F888007047D0F884007047704766
:102300002DE9F04104464548806800F01F0520682B
:1023100003F0EDFD08BB2068C168C06C01F000410E
:1023200010F4C07F00D191B194F85800012814D066
:10233000012084F858002046FEF7FCFA01004FF017
:1023400000070CD084F858700846BDE8F081E06DB5
:1023500040F02000E0650120F7E70220F5E7E06D9E
:10236000C00504D5206E20F00800206600E0276636
:10237000E06D42F20102904340F48050E065284B4A
:1023800020684FF0A046984201D1324600E0024654
:10239000824200D01DB9E26D22F48012E265602213
:1023A000026084F858702068C268920203D54268BF
:1023B00042F480624260A06908282068426807D021
:1023C00022F0400242602068426842F0200206E0AB
:1023D00022F0200242602068426842F040024260DF
:1023E0002068984201D1324600E00246824209D07C
:1023F00045B1062D06D0072D04D0E06D40F48010C5
:10240000E065A1E7C26812F0007F9DD18268054BAC
:102410001A4042F00802826096E700000003005074
:1024200000010050C0FFFF7F704770472DE9F04763
:10243000044690F858009CB00D464FF00009012862
:1024400015D0012084F858000026179618962068A9
:102450004FF0A04840450ED1284F0097384603F072
:1024600056FD8246206803F052FD60B10EE0022066
:102470001CB0BDE8F087E06D40F02000E06584F816
:1024800058600120F4E7BAF1000F09D0E06D40F088
:102490002000E0654FF0010984F858604846E7E7FE
:1024A0001748296840F61F720029816821F46041AD
:1024B00016D094F8383041EA43316B681943816093
:1024C000D8F80810BB68C1F30001C3F30003194337
:1024D000E2D1AB68296819438368934319430BE041
:1024E0008160D8F80810BB68C1F30001C3F3000392
:1024F0001943D1D1816891438160CDE7000100503B
:1025000000030050704770472DE9F05F04460068F3
:1025100006684568DFF854B2DBF8080000F01F07D2
:10252000B0070ED5A8070CD5E06DC00603D4E06D4A
:1025300040F40060E0652046FFF7BCFA2168022005
:102540000860DFF82CA270074FF0A04801D568079B
:1025500003D4300737D5280735D5E06DC00603D43E
:10256000E06D40F40070E065206803F0D4FC20B317
:102570002068504501D1414600E00146814208D023
:102580003FB1052F05D0092F03D0504503D1414657
:1025900002E0C16801E00146C96889040DD4016800
:1025A00009070AD503F0AFFC58B3E06D40F0100006
:1025B000E065206E40F0010020662046FFF7A2FF94
:1025C00021680C200860B00601D5A80603D4700667
:1025D00058D5680656D5E06DC00603D4E06D40F4CA
:1025E0000050E0652068C16C11F4C07F1AD0002152
:1025F000894603F090FC02462068504514D14146BC
:1026000013E02068416821F00C014160E06D20F486
:102610008070E065E06DC004CFD4E06D40F0010053
:10262000E065CAE70121E3E70146814208D03FB1F6
:10263000062F05D0072F03D0504503D1414602E0B5
:10264000C16801E00146C968B9F1000F14D08B01DF
:1026500002D58AB18A040FD4026852060CD58902C9
:102660000AD403F040FCE8B3E06D40F01000E065F0
:10267000206E40F0010020662046FFF7A5FC21688F
:102680006020086030060BD5280609D5E06D40F4BF
:102690008030E065204600F065F921688020086000
:1026A000F0050CD5E8050AD5E06D40F40030E06592
:1026B0002046FFF7B9FE21684FF480700860B0052E
:1026C0000CD5A8050AD5E06D40F48020E0652046D1
:1026D000FFF7ABFE21684FF400700860F0062ED5BE
:1026E000E80600E008E02AD5E06BD0B1AFB1DBF836
:1026F000080000F4604013E02068416821F06001A8
:102700004160E06D20F48050E065E06DC005B3D419
:10271000E06D40F00100E065AEE72068C068C007EA
:1027200050B1E06D40F48060E065206E40F0020042
:1027300020662046FFF7E7FE21681020086070053C
:1027400012D5680510D5E06D40F48040E065206E3C
:1027500040F00800206621684FF480600860204641
:10276000BDE8F05FFFF7CBBDBDE8F09F0003005070
:1027700000010050F8B54FF0000504002E4600950A
:1027800002D0E06D10B107E00120F8BD204600F056
:10279000EBF8266684F8586020688168C1F34071C0
:1027A00019B18168674A1140816020688168C1F36E
:1027B000007189B98168644A114041F0805181609B
:1027C000624863490068B0FBF1F04000801C00E003
:1027D000401E00900028FBD120688168C1F3007181
:1027E00041B9E16D41F01001E165216E41F0010157
:1027F0002166012503F087FBE16DC90600D430B1E5
:10280000E06D40F01000E06501252846F8BDE06D60
:1028100020F4807040F00200E065206803F06BFB5C
:1028200088B94FF0A04080684A49C0F30000896829
:10283000C1F30001084306D1474960688A6822F461
:102840007C1202438A60E168E06B627F0843A16802
:1028500041EA4231084394F8241040EA014001293A
:1028600004D1218D3D4A02EB41410843E16A29B17F
:1028700001F47871226B014342EA01002168CA68C1
:10288000374B1A400243CA6020680169626B21F02D
:10289000406111430161206803F025FB70BB207F7C
:1028A00094F83810800340EA41012068C26844F27D
:1028B00002039A430A43C260206900282068016924
:1028C0000AD041F480310161206850F8C01F2269AC
:1028D0006FF30D01114307E021F48031016120689D
:1028E00050F8C01F6FF30D01016094F840000128FB
:1028F0000CD02068016921F00101016160690128A3
:102900002068016B21F00F0110D012E0D4E9111002
:102910000143D4E91302104301432068026940F2E5
:10292000FC739A43114341F00101E6E7226A521E0B
:1029300011430163E06D20F0020040F00100E0650A
:1029400063E70000C0FFFF5FC0FFFF7F3000002093
:10295000400D030000010050000300500000FEFF86
:102960000740F0FF704700002DE9F04198B00446A1
:10297000142111A8FDF7A6FC44216846FDF7A2FC2E
:102980004FF40041206800268A032D4D03272D4C6B
:102990004FF09048B0F1A04F10D02B4B98424CD143
:1029A0000F926846009101F0E7FC08B1FEF78AFC3F
:1029B0002868401C286001281FD026E00F92684636
:1029C000009101F0D9FC08B1FEF77CFC2868401C9E
:1029D0002860012807D1E06C40F40050E064E06C0E
:1029E00000F400501690E06C40F00100E064E06CF0
:1029F00000F001001690012010E0E06C40F400505F
:102A0000E064E06C00F400501690E06C40F00100CF
:102A1000E064E06C00F00100169002201396CDE90E
:102A2000110711A9404600F079FD0022114612203D
:102A300000F0BCFE122000F0ABFE18B0BDE8F08143
:102A400000000020001002400001005010B50021DD
:102A500040B190F825200123022A05D00421C1634A
:102A6000012124E0012010BD0268146824F0010453
:102A700014600268146824F00E041460826C1468F8
:102A800024F48074146090F84420046C02F01F0257
:102A900003FA02F26260D0E913245460426D32B14D
:102AA000146824F480741460D0E91624546080F80B
:102AB0002530002280F82420084610BD70B590F81B
:102AC0002510002401222346022907D00421C163D6
:102AD00080F8252080F82430012429E001680D6861
:102AE00025F001050D6001680D6825F00E050D60EB
:102AF000816C0D6825F480750D6090F844101546C2
:102B000001F01F018A40016C4A60D0E913124A604B
:102B1000416D31B10A6822F480720A60D0E9161260
:102B20004A6080F8255080F82430816B01B18847D5
:102B3000204670BDF0B4016C0B6801680A6890F81B
:102B40004440042504F01F0405FA04F61E4211D087
:102B500056070FD50A68920603D40A6822F00402C9
:102B60000A6090F8441001F01F018D40016C4D6027
:102B7000016B1DE0022606FA04F71F424FF0000C1D
:102B80004FF0010518D0970716D50A68920605D4AC
:102B90000A6822F00A020A6080F8255090F8441072
:102BA00001F01F018E40016C4E6080F824C0C16AA4
:102BB00000291AD0F0BC08470826A6401E4214D0AF
:102BC000120712D50A6822F00E020A6090F844102B
:102BD000026C01F01F0105FA01F15160C56380F834
:102BE000255080F824C0416BE2E7F0BC704700003C
:102BF00070B504000CD02C4A20681421904209D2F0
:102C00002A4A0244B2FBF1F18900616428490AE0D2
:102C1000012070BD244A52420244B2FBF1F1890006
:102C20006164214908392164022184F82510016872
:102C300047F6F0729143D4E902231A43D4E90435EC
:102C40002B431A43A3691A43E3691A43236A1A43BD
:102C50000A4302602046FDF773FFA0680025B0F527
:102C6000804F00D165602079A16C00F07F00086082
:102C7000D4E9130141606068401E032808D820464B
:102C8000FDF782FF606D0560D4E91601416002E046
:102C90006565A565E565E563012084F8250084F890
:102CA0002450002070BD000008040240F8FFFDBF62
:102CB0000000024070B5044690F824000025012869
:102CC0000CD0012084F8240094F825600020012E07
:102CD00006D084F824000225284670BD022070BD6D
:102CE000022684F82560E0632068066826F0010665
:102CF00006602046FDF75CFF206B00282068016815
:102D000002D041F00E0106E021F0040101602068CC
:102D1000016841F00A010160A06C0168C90303D594
:102D2000016841F480710160606D18B1016841F47F
:102D3000807101602068016841F001010160CBE70A
:102D400070B5044600F0CCFC0546601C02D0044877
:102D50004068044400F0C4FC401BA042FAD370BD9C
:102D60000400002070B5044690F85C00022803D0EF
:102D7000206E40F0080007E02068D0F8C4309B02C5
:102D800005D5206E40F400702066012070BDD0F89B
:102D9000C400C0F301452B462046FEF7A1FA216886
:102DA0000120A840C1F8CC00A065002070BD70478C
:102DB00070470000F0B590F85C40022C03D0016E23
:102DC00041F0080162E00468402947D0D4F89850E7
:102DD0002D0758D0D4F89850D4F89860C5F3012541
:102DE000F60106D5D4F88040E40502D56D1C05F047
:102DF0000305C46C05EBC50604EBC606346814F085
:102E000080445460346844D024F0604414603468D2
:102E10002C4F04F00054946010CE04F00044146170
:102E200036F8044BA4B2D46156F8044CC4F30344FE
:102E3000D46056F8044C04F48014546156F8044CE1
:102E400004F40014946156F8044CC4F3066414624C
:102E500056F8044CE40F5462002422E0D4F8905059
:102E60002D0710D0D4F89050D4F89060C5F3012508
:102E7000F60106D5D4F88040A40502D56D1C05F0F6
:102E80000305846CB6E7016E41F480710166012090
:102E9000F0BDC4F38A44B9E716F804C003F804C0CF
:102EA000641CD2F80CC017F80CC0A445F4D8006814
:102EB000402903D0C0F89C500020F0BDC0F89450C9
:102EC000FAE70000169E00080068D0F8C40000F081
:102ED0000700704770472DE9F05F04460068016DF8
:102EE000426D01F4E05102EA0108016D426D01F00A
:102EF000070102EA0109016D426D01F0380102EAA1
:102F0000010A016D476D01F471010F40016D426DC1
:102F100001F46021456D02EA010B016DCE4371069B
:102F200007D4E943490604D4402101652046FFF750
:102F3000D1FFF0050ED4E843C0050BD42068D0F8CB
:102F4000D820D0F8E01011404FF48072026520467E
:102F500000F0D6F9B8F1000005D0216808654146B7
:102F6000204600F0FBF9B9F1000005D021680865A2
:102F70004946204600F0B4F9BAF1000005D02168B6
:102F800008655146204600F0B2F9B00509D4E8437F
:102F9000800506D421684FF400700865204600F0D3
:102FA000DEF930060DD4E84300060AD42068D0F8D4
:102FB000D420D0F8DC10114080220265204600F0B9
:102FC000A1F9B00409D4E843800406D421684FF481
:102FD00000500865204600F092F9300409D4E84317
:102FE000000406D421684FF400400865204600F034
:102FF00085F970040AD4E843400407D421684FF4EB
:1030000080400865206E40F080002066BBF1000023
:1030100005D02168086559462046FFF7C9FE27B14B
:1030200020680765206E38432066206E002802D095
:103030002046FFF7BCFEBDE8F09F00002DE9F041FF
:10304000040006D0DFF8E88194F85C00002518B190
:1030500007E00120BDE8F08184F85D50204600F0D3
:10306000EFF82068816921F01001816100F038FBE0
:103070000646032704E000F033FB801B0A2811D822
:10308000206880690007F6D42068816941F0010159
:10309000816100F025FB06460BE000F021FB801B60
:1030A0000A2806D9206E40F00100206684F85C7082
:1030B000CFE720688069C007EFD02068816941F0C0
:1030C000020181612168414502D15A496068086066
:1030D000207C01282068816937D041F0400181615E
:1030E000607C01282068816932D021F480418161AF
:1030F000A07C0128206881692DD041F48051816134
:1031000020688169A26821F44071114381612068BF
:10311000816921F0A40181612068016921F0100119
:103120000161E068012819D010B302281BD0206883
:10313000816941F0800181612068016941F01001DD
:103140000161E06803280ED012E021F04001C6E7DB
:1031500041F48041CBE721F48051D0E720688169B8
:1031600041F0040103E02068816941F020018161A0
:10317000207EE16940066FF0FF0202EB0121A0F121
:1031800000700843216AA38A491E0843110201EB1B
:10319000034318432368D861A068B0F5407F10D17D
:1031A000D4E90A0302EB0322401E1043226B0B13E7
:1031B00003EB02121043A28C01EB02410843216889
:1031C000C860206850F8C01FE26B114301601A48C4
:1031D0002064226852F8801FA38E21F4F81141EA7E
:1031E00003411160144970316164226852F8801FF4
:1031F00094F8383021F0706141EA036111600E49A2
:10320000B031A1640D49E1640C49D83121650B4905
:10321000F031616500F5547100E020C08842FCD3B4
:10322000A5652566012084F85C00002012E70000F7
:10323000006400400065004000A4004088A50040F4
:1032400010B598B00446142111A8FDF73BF84421AD
:103250006846FDF737F81F492068884238D1801446
:10326000009040030C90684601F086F808B1FEF724
:1032700029F81948816D41F000718165816D01F077
:1032800000711691C16C41F00201C164C06C11A9BA
:1032900000F0020016904FF440701190022012903E
:1032A000002013901490092015900C4800F036F976
:1032B00000220121152000F079FA152000F068FAAB
:1032C00000220121162000F071FA162000F060FAA9
:1032D00018B010BD00640040001002400004004817
:1032E000CA0703D00A46402106F0F4BB70470A071C
:1032F00003D50A46412106F0EDBB70477047704781
:10330000704700002DE9F041134E00273068076236
:10331000C761818C00291DD0EFF31081C468C162A0
:1033200072B6058A10E0206958B12146306806F06F
:1033300027FC58B127613068818C491E81846169FE
:10334000C1616D1EADB21834002DECD13068C06A79
:1033500080F31088BDE8F081480000207047704776
:103360002DE9F05F044631488946017801290CD0E7
:103370000125804605704FF47A7B5846FEF75CF8CD
:1033800006004FF0000A03D04BE00220BDE8F09F9A
:1033900051464046C8F804A0254F3A6892050AD520
:1033A0003968490505D5396821F480613960032100
:1033B00009E0057708E03A68520504D5396821F438
:1033C00080613960022101772068012805D04FF023
:1033D000FF31C9F80010A5681CE06068FDF7E6FF42
:1033E0005846FEF729F80646786920F0040078610F
:1033F00015E028466168FDF7E7FF5846FEF71CF820
:103400000600786920F4FD70786102D0C9F8005098
:1034100005E06D1CD4E902010844A842E9D8FDF793
:1034200097FF88F800A03046B0E7000010000020A9
:1034300000200240054901204A6942F000424A61E9
:103440004969002900DA002070470000002002408E
:103450002DE9FF5F254F05460024387891469B46AD
:10346000012809D0012038704FF47A70FDF7E4FF8D
:103470000600A24604D035E0022004B0BDE8F09F6B
:103480005046C7F804A0DFF86880D8F80010490556
:1034900006D5D8F8001021F48061C8F80010022089
:1034A000387725B1012D09D0022D07D00DE04A460D
:1034B0005B460198FDF79CFF012406E04946019810
:1034C000FDF7A4FF022D00D16C044FF47A70FDF7D4
:1034D000B3FF064624B1D8F81410A143C8F814105D
:1034E000FDF736FF87F800A03046C6E71000002041
:1034F00000200240064900204A69002A07DA054AEE
:103500008A60054A8A604969002900DA012070470B
:103510000020024023016745AB89EFCD2DE9F84F2C
:10352000DFF890910022A9F1040B03274FF00F0C54
:1035300009F1040AABF1040EB4E0012595402B40DB
:103540006FD00C7904F00304012C01D0022C15D1AA
:103550008668540007FA04F826EA0806D1F80C80B9
:1035600008FA04F848EA0608C0F808804468AC4342
:103570000D79C5F300159540254345600C79E4436A
:10358000A40702D18C68012C08D0C568540007FA42
:1035900004F6B5438E68A6402E43C6600C7904F04D
:1035A0000304022C11D1D40800EB8406356A5407B9
:1035B000E40E0CFA04F825EA0805D1F8108008FAA0
:1035C00004F848EA0508C6F820800568540007FAA0
:1035D00004F6B5430E7906F00306A6402E430660B6
:1035E0004C6814F4403F5CD0334C256E45F0010527
:1035F0002566246E22F0030504F0010400942F4C8C
:1036000005EB0408D8F808509407260F0CFA06F4C6
:10361000A543B0F1904F05D0294CA04204D101241C
:1036200017E03EE0002414E0264CA04201D1022421
:103630000FE0254CA04201D103240AE0234CA04214
:1036400001D1042405E0224CA04201D1052400E070
:103650000624B4402C43C8F80840D9F800404D4631
:103660004E689C43F60200D51C432C60DAF80040FB
:1036700055464E689C43B60200D51C432C60DBF8CF
:1036800000405D464E689C43B60300D51C432C6049
:10369000DEF8004075464E689C43F60300D51C4397
:1036A0002C60521C0B6833FA02F47FF446AFBDE87D
:1036B000F88F0000080401400010024000000140A3
:1036C0000004004800080048000C004800100048B2
:1036D000001400480AB181617047816270470000A0
:1036E000014880687047000004000020024881689B
:1036F00042681144816070470400002010B5002426
:10370000032000F073F80F2000F008F808B101243E
:1037100001E000F025F8204610BD000070B50E4E07
:1037200005460024706898B14FF47A71B1FBF0F04F
:103730000A490968B1FBF0F001F0DEFB40B9102D39
:1037400006D200222946501E00F030F8356000E015
:103750000124204670BD000004000020300000203D
:103760000A4882B0016E41F001010166016E01F06C
:1037700001010091816D41F080518165806D00F003
:103780008050009002B000F0C9BD0000001002405F
:10379000002809DB00F01F02012191404009800050
:1037A00000F1E020C0F8001170470000F0B40E4BAB
:1037B0001B68C3F30223C3F10704042C00D90424BB
:1037C0001D1D072D01D2002300E0DB1E012606FA95
:1037D00004F56D1E0D409D409E40761E164045EA44
:1037E0000601F0BC05F0E1B90CED00E0064A00F07E
:1037F000070110684FF6FF03184040EA0120034913
:1038000008431060704700000CED00E00000FA056E
:1038100001220168C0F8D022002280F8C82231F8C5
:10382000540F40F001000880088840F00200088032
:103830001046704770B50F4D044669B101290AD191
:10384000D4F8D80204F0F5FA607A002803D028688A
:1038500040F00600286070BD607A28B103F070F86F
:10386000286820F006002860D4F8D802BDE870402F
:1038700004F077BA10ED00E010B50C0607D501F0A2
:10388000070101EB810100EBC100103005E001EB05
:10389000810100EBC10000F5A87099B232B101229C
:1038A00002730181190C4181002010BD00220273B6
:1038B000C180F9E701EB810200EBC202D0F8D80227
:1038C000526A04F02CB901EB810200EBC202D0F87D
:1038D000D802D2F8642104F076B970B504460B061C
:1038E00001F0070000EB800104EBC1014FF0010281
:1038F0004FF0000502D54A74103103E081F85151B0
:1039000001F5A871087094F89002012808D084F895
:103910009022206804F036FE84F89052002070BD9A
:10392000022070BD70B5044601F00F00227990426C
:1039300001D9012070BD0B0601F0070000EB8001EA
:1039400004EBC1014FF001024FF0000502D54A74AB
:10395000103103E081F8515101F5A8718D700870A4
:1039600094F89002012808D084F89022206804F08E
:10397000A9FE84F89052002070BD022070BD2DE990
:10398000F04704685FEA42480B788D69B4F85080CC
:103990004FF0000C4BF68F7648F2800748F68F798F
:1039A00048F2C00A444428D540F2024808EBC30854
:1039B00034F80840C4F30904A54203D32D1B8D61DC
:1039C00002D00BE0C1F818C0056835F823C00CEA36
:1039D000060C8CF400563E4325F82360520609D5A8
:1039E0000B78026832F8235005EA090545EA0A0512
:1039F00022F8235074B30A8927E040F2064808EB06
:103A0000C30834F80840C4F30904A54203D32D1BAE
:103A10008D6102D00BE0C1F818C0056835F823C0ED
:103A20000CEA060C8CF400563E4325F8236052063F
:103A300009D40B78026832F8235005EA090545EAF3
:103A40000A0522F823502CB14A89496900682346A7
:103A500005F051F82046BDE8F0872DE9F05F0546F6
:103A600000680C465FEA4268D1F818C0164609782B
:103A7000B0F8508048F6BF7A48F2800B48F68F774E
:103A80004CF280094FF6FF724FF4004E4FF00003E6
:103A900040447DD540F2024808EBC10830F80800E8
:103AA000C0F30900844514D9BCEB000CC4F818C05D
:103AB00010D0760408D52E6836F821C00CEA070C21
:103AC0004CEA090C26F821C094F82410012963D08F
:103AD0007CE1A361607810B1012813D01AE0286856
:103AE000B0F85020104400EBC100B0F80214C1F34C
:103AF0000901A0F80214B0F8021441F40041A0F842
:103B0000021407E02868B0F85020104400EBC10010
:103B1000A0F802346178286811B1012913D01AE0A5
:103B2000B0F850100844217800EBC100B0F806143A
:103B3000C1F30901A0F80614B0F8061441F40041DD
:103B4000A0F8061407E0B0F850100844217800EB04
:103B5000C100A0F80634E07802280BD1207829684B
:103B600031F8202002EA0A0282F0200242EA0B0227
:103B700021F8202021782846FFF79CFE70040AD502
:103B80002178286830F821203A4042EA090200E012
:103B900051E020F82120C5E0616901446161E169DB
:103BA0000144E1612669216AB14203D33046091A12
:103BB000216204E084F8243009B108462362617868
:103BC00011B101292BD033E02968B1F850301944E4
:103BD000237801EBC301B1F80234C3F30903A1F860
:103BE000023401F2024158B13E280ED84308C607FC
:103BF00000D05B1C0E8802EA832216430E8017E079
:103C00000A8842F400420A8012E04209C30600D149
:103C1000521E0B884EEA822213430B8008E029686B
:103C2000B1F850201144227801EBC201A1F802043E
:103C300083B22289C6E040F2064808EBC10830F89A
:103C40000800C0F30900844514D3BCEB000CC4F891
:103C500018C010D0760408D42E6836F821C00CEABB
:103C6000070C4CEA090C26F821C094F8241001290D
:103C70005BD0ABE0A361607810B1012813D01AE0EB
:103C80002868B0F85020104400EBC100B0F80214CE
:103C9000C1F30901A0F80214B0F8021441F4004184
:103CA000A0F8021407E02868B0F85020104400EB98
:103CB000C100A0F802346178286811B1012913D03D
:103CC0001AE0B0F850100844217800EBC100B0F8B9
:103CD0000614C1F30901A0F80614B0F8061441F463
:103CE0000041A0F8061407E0B0F85010084421780D
:103CF00000EBC100A0F80634E07802280BD121784F
:103D0000286830F8212002EA0A0282F0200242EA02
:103D10000B0220F8212021782846FFF7CBFD700404
:103D20007FF52EAF0020BDE8F09F6169014461611D
:103D3000E1690144E1612669216AB14203D3304659
:103D4000091A216204E009B10846236284F824308C
:103D50006378296813B1012B2AD031E0B1F85030D3
:103D60001944237801EBC301B1F80634C3F3090306
:103D7000A1F8063401F2064158B13E280ED8430896
:103D8000C60700D05B1C0E8802EA832216430E8011
:103D900016E00A8842F400420A8011E04209C30694
:103DA00000D1521E0B884EEA822213430B8007E09B
:103DB000B1F850201144227801EBC201A1F80604A9
:103DC000628983B26169286804F0AFFE20782968AF
:103DD00031F8202002EA0A0282F0300242EA0B02A5
:103DE00021F820209EE701F0070101EB810100EBA3
:103DF000C100D0F86C0170472DE9F04104460E0671
:103E000001F0070000EB800104EBC1014FF0010756
:103E10004FF0000502D54F74103103E081F8515185
:103E200001F5A871022B0870C2F30A000861CB707B
:103E300000D10D7194F89002012809D084F8907295
:103E4000206804F0F5F9284684F89052BDE8F08126
:103E50000220FBE710B501F0070404EB840100EB3E
:103E6000C101C1E959230022C1F86C2181F8512117
:103E700081F85041006801F5A87104F074FC00203D
:103E800010BD70B5044601F007002279904201D9B7
:103E9000012070BD0B064FF000054FF0010206D562
:103EA00000EB800104EBC1014A74103107E001EB23
:103EB000810104EBC10181F8515101F5A8718A70AB
:103EC000087094F89002012808D084F890222068A5
:103ED00004F030FC84F89052002070BD022070BDC8
:103EE00010B501F0070404EB840100EBC101C1E946
:103EF0000923012281F834200B630023CB624A742A
:103F000001F8104F006804F02EFC002010BD10B521
:103F10000446006804F0ECFD010404D52046BDE829
:103F2000104002F039BB41050ED5206830F8441F1F
:103F300021F480610180204600F024F92046BDE88C
:103F40001040002100F04AB9410405D5206830F83E
:103F5000441F21F480417DE0810405D5206830F8BC
:103F6000441F21F4005175E0C1041FD5206830F8CA
:103F7000401F21F004010180206830F8401F21F02B
:103F80000801018094F8C802012806D1002084F8B5
:103F9000C80201462046FFF74DFC204600F006F916
:103FA000206830F8441F21F4805153E0010512D5F8
:103FB000206830F8401F41F008010180206830F887
:103FC000441F21F400610180206830F8401F41F057
:103FD000040101800AE0010629D5206830F8441F59
:103FE00021F08001018094F8C80218B1204600F049
:103FF00025F910BD206830F8401F41F00401018010
:10400000206830F8401F41F008010180012084F849
:10401000C8022068B0F854003C2101EA9000C4F8BE
:10402000CC022046BDE810400121FFF703BC81050A
:1040300009D5206830F8441F21F400710180204622
:1040400000F0C8F810BDC005FCD5206830F8441F4A
:1040500021F48071018010BD70B5040004D094F883
:104060009102002510B106E0012070BD84F8905245
:10407000204600F03FF8032084F89102206804F005
:1040800019FB002101260BE001EB810004EBC000CD
:1040900046740174C57405624562491CC9B28562E3
:1040A00020798842F0D8002111E001EB810004EB77
:1040B000C00080F8515180F8501180F85351C0F879
:1040C0006051C0F86451491CC9B2C0F868512079E8
:1040D0008842EAD894E8070004F0E3FA257384F8EC
:1040E0009162A07A012802D12046FFF791FB0020BF
:1040F00070BD000030B597B0044644216846FCF717
:10410000E1F81E492068884236D11D4CE06C40F031
:104110000100E064E06C142100F00100169011A889
:10412000FCF7D0F84FF4C050119002200025CDE9E3
:104130001205032014900A20159011A94FF0904009
:10414000FFF7ECF94FF4005000900D95684600F031
:1041500013F908B1FDF7B6F8A06D40F40000A065B2
:10416000A06D002200F40000169001211420FFF73A
:104170001DFB1420FFF70CFB17B030BD005C0040A6
:104180000010024070B5044640790125022801D094
:10419000FDF798F82946D4F8D80203F0FCFDD4F8CE
:1041A000D802BDE8704003F0AFBD000010B5044672
:1041B000407A30B10648016821F00601016002F042
:1041C000BFFBD4F8D802BDE8104003F0CABD000020
:1041D00010ED00E0D0F8D80203F0CDBD10B50446D4
:1041E00090F8900201280AD0012084F890022173EF
:1041F000206804F094FC002084F8900210BD022096
:1042000010BDD0F8D82200F52671104603F0CFBDBE
:1042100010B5044690F8900201280CD0012084F8D3
:104220009002206804F054FC206804F033FA002067
:1042300084F8900210BD022010BD000010B50446A5
:10424000D0F8D80203F0F5FD607A002804D00348C6
:10425000016841F00601016010BD000010ED00E0B2
:104260002B492C4B0A6832214A432B4940B1B0F507
:10427000007F086829D020F4C06040F480602CE002
:104280000868C0F34120022804D051F8800F20F4C0
:10429000807022E0D1F8800020F48070C1F88000A6
:1042A000086820F4C06040F400700860B2FBF3F0CE
:1042B000401C00E0401E4A69520501D50028F9D192
:1042C000486940050AD503207047C0F34120022801
:1042D00006D051F8800F40F48070086000207047CD
:1042E000D1F8800040F48070C1F88000086820F4A4
:1042F000C06040F400700860B2FBF3F0401C00E0C6
:10430000401E4A695205DBD50028F9D1D8E70000E4
:104310003000002040420F000070004002488168D9
:1043200041F48041816070470070004010498A6B01
:1043300042F480728A638A6B22F480728A63D0E9C5
:104340000012114382681143C2680A43018A42EA9B
:10435000014208494A600A68406922F4FE4242EA82
:1043600000200860086840F06000086070470000A6
:1043700000100240002000402DE9F84F04460026BE
:104380000068A24D374600035CD5A86D4FF00009C8
:10439000C00009D4A86D40F08050A865A86D4FF00A
:1043A000010900F080500090DFF864A2DAF80010F4
:1043B00041F48071CAF80010FFF792F9804607E0D7
:1043C000FFF78EF9A0EB0800022801D9032631E09F
:1043D000DAF80000C005F3D566BBD5F8900010F4FC
:1043E000407014D0216C814211D0D5F89000D5F8DE
:1043F000901020F4407041F48031C5F89010D5F849
:10440000901021F48031C5F89010C5F89000C007D5
:104410004ED0FFF765F9804641F2883A05E0FFF794
:104420005FF9A0EB08015145D0D8D5F8900080077E
:10443000F5D5EEB33746B9F1000F03D0A86D20F0E3
:104440008050A8652078C00707D0D5F8880061683B
:1044500020F003000843C5F888002078800707D5BE
:10446000D5F88800A16820F00C000843C5F8880042
:104470002078400707D5D5F88800E16820F03000A3
:104480000843C5F888002078000707D5D5F88800CC
:10449000216920F0C0000843C5F888002078800614
:1044A00009D5D5F88800616920F44060084300E030
:1044B0003DE0C5F888002078400607D5D5F888008B
:1044C000A16920F440500843C5F888002078000610
:1044D00007D5D5F88800E16920F440400843C5F8C5
:1044E00088002088C00507D5D5F88800216A20F407
:1044F00040300843C5F888002088800507D5D5F8E6
:104500008800616A20F440200843C5F888002088AC
:10451000400519D5D5F88800A16A20F44010084359
:10452000C5F88800A06AB0F5801F09D00CE0D5F866
:104530009000216C20F440700843C5F890007AE7A1
:10454000E86840F48010E860208800050FD5D5F8B1
:104550008800E16A20F440000843C5F88800E06A5A
:10456000B0F5800F03D1E86840F48010E86020883F
:10457000C0040FD5D5F88800216B20F040700843A7
:10458000C5F88800206BB0F1807F03D1E86840F463
:104590008010E860208881044FF000600ED5D5F8C7
:1045A0008810626B21F040611143C5F88810616B7F
:1045B000814203D1E96841F48011E960218849040E
:1045C0000ED5D5F88810A26B21F040611143C5F8D3
:1045D0008810A16B814203D1E86840F48010E86044
:1045E000208800040FD5D5F88800E16B20F04050FA
:1045F0000843C5F88800E06BB0F1805F03D1E8683C
:1046000040F48030E8603846BDE8F88F0010024082
:10461000007000402DE9F0470D4604004FF0000700
:1046200025D0DFF8AC91D9F8000000F00F00A842C7
:104630000CD2D9F8001021F00F012943C9F800105D
:10464000D9F8000000F00F00A84210D12168614E97
:10465000C80741F2883A58D06068DFF87C810328A7
:1046600008D0022830682CD0400500282BDB012020
:10467000BDE8F08730688001F9D5F06800F00302EA
:10468000F068C0F30310401C032A18D0534AB2FB51
:10469000F0F0F268C2F306225043F268C2F34162BE
:1046A000521C5200B0FBF2F0404517D9B06810F030
:1046B000F00F0CD0880711D5A06840B10EE0484A31
:1046C000E5E78003D1E700F0B7F8404506D9B068C8
:1046D00020F0F00040F08000B0608027B068616892
:1046E00020F003000843B060FEF7FAFF804605E0C3
:1046F000FEF7F6FFA0EB080151453BD8B0686168B2
:1047000000F00C00B0EB810FF2D12068810714D5C6
:10471000400703D5B06840F4E060B060207800073F
:1047200005D5B06820F4605040F4E060B060B06837
:10473000A16820F0F000084304E0802F03D1B068A6
:1047400020F0F000B060D9F80010484601F00F01E9
:10475000A94217D90168C84621F00F012943016019
:10476000FEF7BEFF0746D14606E0FEF7B9FFC11BC4
:10477000494501D903207BE7D8F8000000F00F007D
:10478000A842F2D12078400705D5B068E16820F44E
:10479000E0600843B0602078000706D5B068216962
:1047A00020F4605040EAC100B06000F045F8B16804
:1047B0000C4AC1F30311515C01F01F01C8400A49C2
:1047C00008600A480068BDE8F047FEF7A7BF000090
:1047D000002002400010024000B4C4040024F40091
:1047E00000127A004E9E00083000002004000020D5
:1047F0000548064900688968054AC1F30221515CF1
:1048000001F01F01C8407047300000200010024036
:104810005E9E00080548064900688968054AC1F39C
:10482000C221515C01F01F01C840704730000020D8
:10483000001002405E9E0008184A10B59068C0F350
:104840008101174801290BD091684410C1F38101FF
:10485000022906D09168C1F38101032903D0002009
:1048600010BD204610BDD16801F00303D168C1F32B
:104870000311491C032B02D0B0FBF1F001E0B4FBA3
:10488000F1F0D168C1F306214843D168C1F3416119
:10489000491C4900B0FBF1F010BD000000100240BF
:1048A0000024F4002DE9F843040078D02078F54D79
:1048B000C00745D0A868E96800F00C0001F00301CA
:1048C0000C2802D0082817D001E0032914D0606812
:1048D000B0F5803F17D0B0F5A02F286817D020F48E
:1048E00080302860286820F4802028606068D8B173
:1048F000FEF7F6FE064613E02868800320D56068C0
:104900000028D2D01CE0286840F48030EDE740F465
:1049100080202860F7E7FEF7E3FE801B64286ED84E
:1049200028688003F7D50BE0FEF7DAFE064604E0C0
:10493000FEF7D6FE801B6428F1D828688003F7D4E0
:10494000207880074BD5A868E96800F00C0001F0DA
:1049500003010C2802D004280DD001E002290AD05E
:10496000E068002828682BD040F480702860FEF7AB
:10497000B7FE064619E02868400502D5E068002821
:1049800093D06868217C20F0FE4040EA01606860B6
:10499000BD480068FEF7C2FE002800D11FE06DE1AF
:1049A000FEF79EFE801B0228B9D828684005F7D57F
:1049B0006868217C20F0FE4040EA016068600EE0FB
:1049C00020F480702860FEF78BFE064604E0FEF7B8
:1049D00087FE801B0228A2D828684005F7D42078DB
:1049E000000728D560690028D5F8940012D040F05F
:1049F0000100C5F89400FEF773FE064605E08FE05F
:104A0000FEF76EFE801B022889D8D5F89400800737
:104A1000F6D510E020F00100C5F89400FEF760FE26
:104A2000064604E0FEF75CFE801B022878D8D5F825
:104A300094008007F6D42078400761D5A86D002740
:104A4000C00008D4A86D40F08050A865A86D01276B
:104A500000F0805000908D480168C90511D40168AC
:104A6000804641F480710160FEF73AFE064604E09C
:104A7000FEF736FE801B022852D8D8F80000C00589
:104A8000F6D5A068012815D00528D5F8900016D0D5
:104A900020F00100C5F89000D5F8900020F0040047
:104AA000C5F89000A06841F28838B8B1FEF718FE4A
:104AB00006460EE0D5F8900040F00100F0E740F027
:104AC0000400C5F89000F5E7FEF70AFE811B41459A
:104AD00026D8D5F890008007F6D50CE0FEF700FE4A
:104AE000064604E0FEF7FCFD811B414518D8D5F8C9
:104AF00090008007F6D41FB1A86D20F08050A86503
:104B00002078800628D5A0690028D5F8980012D012
:104B100040F00100C5F89800FEF7E2FD064605E00A
:104B200072E0FEF7DDFD801B02286DD8D5F89800F5
:104B30008007F6D510E020F00100C5F89800FEF7D8
:104B4000CFFD064604E0FEF7CBFD801B02285BD8B4
:104B5000D5F898008007F6D4E069E8B3A968C1F3F6
:104B6000810103295BD00228286820F0807028602A
:104B700003D0FEF7B5FD044649E0FEF7B1FD064659
:104B800004E0FEF7ADFD801B02283DD828688001B7
:104B9000F7D4F4E908016FF00F0202EB01110843AA
:104BA000218A5204490802EB4151A26841EA0221DC
:104BB0000843217D4FF07E42490802EB41610843E2
:104BC000217B40EAC160E968314A11400843E8604E
:104BD000286840F0807000E052E02860E86840F00B
:104BE0008070E860FEF77CFD044604E0FEF778FD87
:104BF000001B022808D828688001F7D540E0FEF79E
:104C00006FFD001B022802D90320BDE8F883286845
:104C10008001F4D4E8681F490840E86030E00128CA
:104C2000F3D0E868226A00F00301914226D1616A5C
:104C300000F0F0020901103991421FD1A26A00F47C
:104C4000FE41B1EB022F19D194F82C2000F07841ED
:104C5000B1EBC26F12D1218E00F4C00249084905A0
:104C6000A1F50011914209D194F8341000F0C06010
:104C700049084906A1F10071814201D00120C4E731
:104C80000020C2E700100240040000200070004035
:104C90000C809F01FCFFEEFE7047000038B50168F4
:104CA00004464A688868C043430606D5C30704D152
:104CB000D3435B0601D4E16C05E0830708D4D343FA
:104CC0001B0605D4216D01B02046BDE830400847E1
:104CD000830603D5430601D5C30551D4D3439B06B0
:104CE0004ED443060AD494F85D30032B49D0236E8A
:104CF00043F004032366CB688B680093830609D4D2
:104D0000236E43F0010323668B6800930B6823F046
:104D100040030B60C00506D4206E40F008002066FA
:104D2000206880680090206E002829D020684168A3
:104D300021F0E0014160012084F85D00900701D47A
:104D4000D00722D02068416821F003014160114D55
:104D5000A06D40B18563A06DFDF7B0FE18B1206E67
:104D600040F040002066606D002809D08563606DCA
:104D7000FDF7A4FE002803D0206E40F0400020661E
:104D800038BDC8688868009038BD2046FFF784FFAA
:104D900038BD00001D69000870B5040009D0606AC4
:104DA000002540B125616561A56294F85D0040B1C0
:104DB0000CE0012070BD6068B0F5827FF4D0E56141
:104DC000F2E784F85C50204600F05CF8022084F89A
:104DD0005D002068016821F040010160E0684FF447
:104DE000E062904201D9002101E04FF48051B0F51A
:104DF000706F02D0904200D0A562A088228900F492
:104E0000827002F404421043227C02F0020210433A
:104E1000227D02F001021043228B02F40072104343
:104E2000227F02F03802104394F8202002F0800222
:104E30001043228D02F40052104322681060A069D2
:104E4000042202EA104094F8242001F4805102F078
:104E50001002104394F8342002F008021043A28993
:104E600002F4706210430843216848602068C169F9
:104E700021F40061C1612566012084F85D000020F5
:104E800070BD000010B586B0044614216846FBF7DB
:104E900019FA17492068884227D11648016E41F453
:104EA00080510166016E01F480510591C16C41F0A1
:104EB0000101C164C06C694600F00100059048F230
:104EC000E000009002200190002002900390052055
:104ED00004904FF09040FEF721FB00220121232097
:104EE000FEF764FC2320FEF753FC06B010BD000063
:104EF000003001400010024010B5401EB0F1807F2C
:104F000001D3012010BD4FF0E02460610F21601734
:104F100003F04BFE0020A06107202061002010BD9F
:104F2000704770477047000030B590F83C20012A68
:104F300042D0012280F83C20CA688B6822F440727B
:104F40001A434B6822F480621A430B6822F4006211
:104F50001A430B6922F480521A434B6922F400521F
:104F60001A430B6B22F480421A430B8B22F47022FB
:104F700042EA0342CB6922F080521A430F4D036884
:104F80000024AB4202D00E4DAB4210D10D8D22F465
:104F9000700242EA05520D6A22F080722A434D6A7D
:104FA00022F000722A43C96A22F000520A435A646E
:104FB00080F83C40002030BD022030BD002C014074
:104FC000003401407047704770470000F0B590F81A
:104FD0003C20012A3AD0012580F83C50022280F87A
:104FE0003D2003685A689C68194E1A4FB34201D09D
:104FF000BB4204D122F4700C4A6842EA0C02DFF88A
:1050000058C002EA0C02D1F800C04CEA020CC3F806
:1050100004C00268B2420DD0B2F1804F0AD00F4BEB
:105020009A4207D00E4B9A4204D0BA4202D00D4B9E
:105030009A4204D1896824F080031943916080F872
:105040003D50002180F83C100846F0BD0220F0BD24
:10505000002C0140003401408FFFFFFD00040040A0
:105060000008004000400140704710B5040003D024
:1050700094F83D0010B107E0012010BD002084F835
:105080003C00204600F022F8022084F83D00211D5B
:10509000206801F0B7FC012084F8480084F83E0045
:1050A00084F83F0084F8400084F8410084F842000E
:1050B00084F8430084F8440084F8450084F84600EE
:1050C00084F8470084F83D00002010BD08B5006852
:1050D000104A1149904208D1086E40F400600866F9
:1050E000086E00F40060009008BD0C4A9042FBD1AD
:1050F000886D40F010008865886D002200F0100077
:10510000009001213620FEF751FBBDE80840362013
:10511000FEF73EBB002C0140001002400010004092
:1051200090F83D10012901D001207047022180F83C
:105130003D100168CA6842F00102CA600068104967
:1051400088420ED0B0F1804F0BD00E49884208D073
:105150000D49884205D00D49884202D00C49884249
:1051600007D181680B4A1140062906D0B1F5803F6E
:1051700003D0016841F00101016000207047000088
:10518000002C0140000400400008004000340140B1
:10519000004001400700010070B5044690F83C0053
:1051A0000025012814D0012684F83C60022084F8F0
:1051B0003D0020688268364B1A4022F47F428260AC
:1051C000086870282ED010DC10F00F0F03D021E0FB
:1051D0004FF0020070BD4FEA2012072A1AD2DFE812
:1051E00002F0525252524A3840002A4BC21A984298
:1051F00049D009DCB0F5805F0DD0B0F5005F1CD060
:10520000B0F1101F06D13EE0102A3CD0202A3AD03F
:10521000502A38D0012584F83D60002084F83C00F5
:10522000284670BDCB68D1E90121206801F053FC0C
:105230002068816841F0770109E0CB68D1E901215C
:10524000206801F048FC2068816841F48041816059
:10525000E1E7CA684968206801F0F0FD5021206844
:1052600006E0CA684968206801F016FE60212068DF
:1052700001F03CFCCFE7CA684968206801F0DEFD18
:1052800040212068F4E7226801461046F0E700005C
:1052900088FFCEFF2000100070472DE9F041044642
:1052A0000068C66805694FF00007A90713D5B10764
:1052B00011D5F91E016101202077206880698007DF
:1052C000204602D0FFF7E8FF04E000F0E1F82046B6
:1052D00000F0A3F92777680716D5700714D5216861
:1052E0006FF004000861022020772068806910F4C4
:1052F000407F204602D0FFF7CFFF04E000F0C8F85F
:10530000204600F08AF92777280715D5300713D5EE
:1053100021686FF008000861042020772068C069C8
:105320008007204602D0FFF7B7FF04E000F0B0F896
:10533000204600F072F92777E80616D5F00614D556
:1053400021686FF010000861082020772068C0698C
:1053500010F4407F204602D0FFF79EFF04E000F0EB
:1053600097F8204600F059F92777E80708D0F007AA
:1053700006D021686FF001000861204600F02AFA8B
:10538000280601D4A80408D5300606D521686FF494
:10539000025008612046FFF7C4FDE80508D5300635
:1053A00006D521686FF4807008612046FFF7B8FDCC
:1053B000680608D5700606D521686FF040000861C0
:1053C000204600F041FAA80608D5B00606D52168A7
:1053D0006FF0200008612046FFF7A4FDE80208D521
:1053E000F00206D521686FF4801008612046FFF7AF
:1053F000EAFDA80208D5B00206D521686FF40010B6
:1054000008612046FFF7DEFD680208D5700206D568
:1054100021686FF4800008612046FFF7D5FD28025F
:105420000AD5300208D521686FF4000008612046D3
:10543000BDE8F041FFF718BEBDE8F08110B586B0B9
:10544000044614216846FAF73DFF0F492068884258
:1054500017D10E48C16C41F00101C164C06C6946AE
:1054600000F0010005904FF4E060009002200190F0
:10547000002002900390062004904FF09040FEF729
:105480004DF806B010BD0000002C01400010024095
:10549000704770B5044690F83C0000260D46012880
:1054A0000BD0012084F83C000C2A4AD007DC82B1E2
:1054B000042A20D0082A06D131E0022070BD102A2B
:1054C00053D0142A63D00126002084F83C003046D3
:1054D00070BD206801F014FB2068816941F008016B
:1054E00081612068816921F00401816120688169FE
:1054F0002A69114311E0206801F052FB206881699C
:1055000041F4006181612068816921F480618161D9
:10551000206881692A6941EA02218161D4E7206813
:1055200001F088FB2068C16941F00801C161206871
:10553000C16921F00401C1612068C1692A69114370
:1055400011E0206801F0C0FB2068C16941F40061EE
:10555000C1612068C16921F48061C1612068C169AD
:105560002A6941EA0221C161AEE7206801F0F6FB39
:105570002068016D41F0080101652068016D21F08E
:10558000040101652068016D2A69114311E020685A
:1055900001F01CFC2068016D41F400610165206888
:1055A000016D21F4806101652068016D2A6941EA7D
:1055B0000221016588E710B5040003D094F83D008E
:1055C00010B107E0012010BD002084F83C00204607
:1055D00000F022F8022084F83D00211D206801F02F
:1055E00011FA012084F8480084F83E0084F83F0056
:1055F00084F8400084F8410084F8420084F84300B5
:1056000084F8440084F8450084F8460084F8470094
:1056100084F83D00002010BD7047704730B5044647
:1056200069B104290ED008290FD00C2910D01029F7
:1056300011D094F84300012810D0012030BD94F817
:105640003E00F8E794F83F00F5E794F84000F2E7F1
:1056500094F84100EFE794F84200ECE70220E9B348
:10566000042942D0082943D00C2944D0102945D020
:1056700084F843000122206801F020FA21492068C3
:10568000214A224B884209D0904207D0984205D047
:105690001F4DA84202D01F4DA84203D1456C45F4CE
:1056A00000454564206888420CD0B0F1804F09D095
:1056B0001949884206D01949884203D0904201D046
:1056C000984207D18168164A1140062908D0B1F5E1
:1056D000803F05D0016841F0010100E002E0016077
:1056E000002030BD84F83E00C4E784F83F00C1E7E5
:1056F00084F84000BEE784F84100BBE784F842002C
:10570000B8E70000002C0140003401400040014097
:1057100000440140004801400004004000080040EF
:105720000700010030B504460D460068002201F074
:10573000C5F92349214A20688B1190420BD0214A98
:10574000904208D0204A904205D0204A904202D090
:105750001F4A904209D1026A0A4206D1026A1A42DD
:1057600003D1426C22F4004242642068026A0A4279
:1057700006D1016A194203D1016821F001010160DB
:1057800001205DB1042D0CD0082D0DD00C2D0ED0B4
:10579000102D0FD084F84300002030BD84F83E0067
:1057A000FAE784F83F00F7E784F84000F4E784F86C
:1057B0004100F1E784F84200EEE70000002C0140D0
:1057C000111111000034014000400140004401402B
:1057D00000480140144910B5884224D11349D1E949
:1057E0000601FCF787F8124C6089401C6081114863
:1057F000007828B9DFED100A94ED070AFCF752F89B
:1058000094ED070ADFED0D0A0D4930EE600A10EE47
:10581000100A84ED070A884205DDDFED0A0A30EE42
:10582000200A84ED070A10BD38050020200300205F
:10583000F001002042030020CDCC4C3EDB0F493C60
:10584000DB0FC940DB0FC940704790F88410012975
:1058500018D0012180F884102421C0F88810016834
:105860000A680B6823F001030B6022F0005100224C
:105870004266036819602021C0F8881080F88420EF
:1058800010467047022070477047704770B5044655
:1058900090F8840001281DD0012084F88400242081
:1058A000C4F8880020680568026822F001020260DE
:1058B0002068826822F060620A438260204601F01C
:1058C0000BFB206805602020C4F88800002084F8C5
:1058D000840070BD022070BD70B5044690F884004D
:1058E00001281DD0012084F884002420C4F88800F9
:1058F00020680568026822F0010202602068826860
:1059000022F060420A438260204601F0E5FA2068F6
:1059100005602020C4F88800002084F8840070BD51
:10592000022070BD70477047704700002DE9F041BC
:1059300003680446D86919689A6840F60F0528423A
:105940004FF000054FF002060AD187067ED501F020
:10595000200702F0805C57EA0C0777D0616F42E1C4
:10596000B64FDFF8DCC2174001EA0C0C57EA0C0C0A
:105970006CD05FEAC07C0CD05FEAC15C09D54FF007
:10598000010CC3F820C0D4F8903043F00103C4F8F0
:105990009030830709D5D30707D023681E62D4F857
:1059A000903043F00403C4F8903043070AD5D3077E
:1059B00008D0266804233362D4F8903043F0020301
:1059C000C4F8903003070CD501F020033B4308D006
:1059D000266808233362D4F8903043F00803C4F8F3
:1059E000903003050BD54B0109D526684FF40063B1
:1059F0003362D4F8903043F02003C4F89030D4F8E8
:105A00009030002B3DD0800609D501F0200002F037
:105A10008051084303D0616F09B120468847D4F80C
:105A2000900021688968490602D410F0280F2AD016
:105A3000204601F07BFB2068806840061ED5206868
:105A4000083050E8001F21F0400100E021E040E86C
:105A50000012002AF3D1D4F8800078B1794981632B
:105A6000D4F88000FDF72AF800280AD0D4F8800086
:105A7000816B00E02046BDE8F04108472046FFF773
:105A800053FFBDE8F0812046FFF74EFFC4F8905069
:105A9000F7E7D4F86CC02027BCF1010F7ED15FEA94
:105AA000C06C7BD55FEAC16C78D510201862206885
:105AB0008068400651D5D4F880100A685068000408
:105AC000000C3ED0B4F85C3083423AD9A4F85E00B2
:105AD0000868006880062CD4206850E8001F21F474
:105AE000807140E80012002AF6D12068083050E8A2
:105AF000001F21F0010140E80012002AF5D12068C2
:105B0000083050E8001F21F0400140E80012002A50
:105B1000F5D1C4F88C70E566206850E8001F21F0CC
:105B2000100140E80012002AF6D1D4F88000FCF7FA
:105B30008DFF2667B4F85C00B4F85E10401A81B29D
:105B400007E0B4F85C1081429BD11068800698D5BC
:105B500026672046FFF798FE93E7B4F85C00B4F898
:105B60005E10401A81B2B4F85E00002889D0002986
:105B700087D0206850E8002F22F4907240E800237C
:105B8000002BF6D12D4BDB432068083050E8002F66
:105B90001A4040E8002CBCF1000F00E00EE0F3D109
:105BA000C4F88C70E5666567206850E8002F22F025
:105BB000100240E80023002BF6D1C9E7C60209D540
:105BC000560207D54FF4801018622046BDE8F04118
:105BD000FFF7A9BE03060AD501F0800302F4000214
:105BE000134304D0A16F00297FF444AF49E7420674
:105BF00011D54A060FD52046016851E8002F22F042
:105C0000400241E80023002BF6D1C0F88870856778
:105C100000F03EF935E7020206D54A0004D52046D9
:105C2000BDE8F041FFF77EBEC00195D5002993DAAB
:105C30002046BDE8F041FFF728BE0000010000103B
:105C4000200100049170000810B5040003D0D4F8BE
:105C5000880010B107E0012010BD002084F8840006
:105C6000204600F027F82420C4F888002068016846
:105C700021F001010160A06A10B1204601F04EF947
:105C8000204601F095FA0128E6D02068416821F409
:105C9000904141602068816821F02A01816020687C
:105CA000016841F0010101602046BDE8104001F0AB
:105CB00099B900002DE9F04798B00446142111A8C5
:105CC000FAF700FB44216846FAF7FCFA46492068D7
:105CD000464DDFF81CA1002602274FF007084FF0C1
:105CE000180988425AD10120CDE900066846FEF71E
:105CF00043FB08B1FBF7E6FA286E40F480402866C3
:105D0000286E00F480401690E86C40F00200E864D1
:105D1000E86CCDE9127600F002001690C020CDE9C3
:105D20001468119011A95046FDF7F8FB324D314827
:105D300080272860C5E90196C5E903676E61AE61F9
:105D4000EE6128462E62FCF753FF08B1FBF7BAFA62
:105D5000C4F88050AC62284D264860351430286065
:105D60001920686005F10801102081E8C1006E610A
:105D7000AE61EE6128462E62FCF73AFF08B1FBF7F0
:105D8000A1FAE567002201212520AC62FDF70EFD96
:105D90002520FDF7FDFC18B0BDE8F08717498842C3
:105DA000F9D1684600970296FEF7E6FA08B1FBF7CC
:105DB00089FAA86D40F40030A865A86D00F40030A1
:105DC0001690E86C40F00200E864E86CCDE91276C9
:105DD00000F00200CDF844901496CDE9158011A989
:105DE0005046FDF79BFBD6E700380140001002400B
:105DF0000004004808000240AC06002000440040B7
:105E000070B50446D0F88800202801D0022070BD6B
:105E100039B332B32165A4F85420A4F856200021E8
:105E2000C4F890102120C4F88800E06FD8B1154B59
:105E3000C362E36F14481863E36F14485863E06F5C
:105E4000134681632068E56F00F128022846216D22
:105E5000FCF730FF38B11020C4F890002020C4F8BF
:105E60008800012070BD2168402008622068083049
:105E700050E8001F41F0800140E80012002AF5D1EF
:105E8000002070BDDF700008217100089B700008C1
:105E90000249884201D103F03FBF704784050020CA
:105EA0007047FEE7F0B500230A24302537261F4649
:105EB00010E0B4EB107F02D905EB107C01E006EB9B
:105EC000107C01F813C001EB430C00015B1C8CF843
:105ED0000170DBB29342ECD3F0BD00EB8100006EA9
:105EE00000F0F84070478068C0F3C00070478068D9
:105EF000C0F3C00070478068C0F30000704780683E
:105F0000C0F3000070478068C0F38000704780686D
:105F1000C0F380007047C06810F4406F01D00020CB
:105F2000704701207047042303EAD15310B5184489
:105F30004369C1F3045107248C40A3438A401343AF
:105F4000436110BD00EB8100016E21F0004111435F
:105F500001667047F0B53C4B186840F0400018608F
:105F60004FF090440020616921F01001616100BF91
:105F700000BF00BF00BF00BF00BF00BF00BF00BF29
:105F800000BF4FF6FE7644F6206203E0904234D81C
:105F9000401C80B299688907F8D54FF4034000216E
:105FA000D8604FF6FF7003E0914227D8491C89B2B0
:105FB0009D68ED07F8D0656945F010056561DD68FD
:105FC00000EA851500BF00BF00BF00BF00BF00BFD3
:105FD00000BF00BF00BF00BF676927F010076761FF
:105FE00000BF00BF00BF00BF00BF00BF00BF00BFB9
:105FF00000BF00BF05E0914201D93046F0BD491C09
:1060000089B29F68BF07F6D54FF404460021DE60D1
:1060100003E09142F2D8491C89B29E68F607F8D095
:10602000606940F01000606100BF00BF00BF00BFAA
:1060300000BF00BF00BF00BF00BF00BFD86845EA77
:10604000900080B2F0BD00000030014070B592B009
:1060500000240F9410943C2168461194FAF732F909
:1060600025484FF0A041042601604FF44031C0E9BB
:106070000114C4600461C0E9054604774477012532
:10608000056280F8244080F83840C46380F84040BE
:10609000FCF770FB08B1FBF715F90520CDE90F04FB
:1060A0000FA915481194FCF7C1F908B1FBF70AF9DB
:1060B000124800900920CDE901057F20089505943C
:1060C000CDE9030684200A908DF8244080208DF8C5
:1060D00025400B908DF826408DF830502020CDE9DA
:1060E0000D4069460448FBF7E7FC002801D0FBF7A8
:1060F000E9F812B070BD00004C030020020030042B
:1061000070B590B03C216846FAF7DCF81E481D498E
:10611000002401604FF44031C0E90114C46004263A
:106120000461C0E90546047744770125056280F8DB
:10613000244080F83840C46380F84040FCF71AFBE4
:1061400008B1FBF7BFF8114800900920CDE901051F
:106150007F2008950594CDE903068DF824408DF83D
:1061600025408DF826408DF830502020CDE90D4097
:1061700069460548FBF7A0FC002801D0FBF7A2F810
:1061800010B070BD00010050B8030020040060088A
:10619000114808B5816C41F004018164816C01F003
:1061A00004010091816C41F001018164806C002246
:1061B00000F00100009001210B20FDF7F7FA0B2001
:1061C000FDF7E6FA002201210C20FDF7EFFABDE809
:1061D00008400C20FDF7DCBA00100240124810B550
:1061E000104901600021416081600122C160027498
:1061F000417481741123C0E905321023C361032364
:10620000C0E908328262C262C0E90C218163C163C5
:10621000FCF714FF002803D0BDE81040FBF752B88C
:1062200010BD000000640040240400202DE9F0416E
:1062300086B014216846FAF745F82048C16C41F051
:106240002001C164C16C01F020010591C16C41F0D5
:106250000101C164C16C01F001010591C16C41F003
:106260000201C164C06C4FF0904700F0020005903D
:10627000012210213846FDF72DFADFF844804FF453
:106280000066002231464046FDF724FA0124102022
:10629000CDE90004032569463846CDE90245FDF7FE
:1062A0003DF9002000960395CDE90140694640463E
:1062B000FDF734F906B0BDE8F0810000001002409F
:1062C00000040048124810B5104901604FF4827173
:1062D000416000214FF47062C0E9021202220261A3
:1062E00001224261920482611822C0E9072107223B
:1062F0004162C0E90A1201634163FEF74DFD0028C7
:1063000003D0BDE81040FAF7DDBF10BD00300140FA
:106310008804002030B59BB0002419941A94179477
:106320001894149415941C2168461694F9F7CAFF22
:10633000342107A8F9F7C6FF3A48394920250160FA
:106340001021C0E90115F921C0E903148021C0E939
:106350000541FEF78AFE08B1FAF7B4FF4FF480500A
:10636000179017A92F48FEF717FF08B1FAF7AAFFF1
:106370002C48FFF720F908B1FAF7A4FFCDE914542F
:1063800014A928481694FEF721FE08B1FAF79AFFDF
:10639000702000907D20CDE90104039404940594BD
:1063A000002269461F480694FFF773F808B1FAF710
:1063B00089FF042269461B48FFF76BF808B1FAF71A
:1063C00081FF082269461748FFF763F808B1FAF71A
:1063D00079FFF82001900C2269461248FFF759F81E
:1063E00008B1FAF76FFF0794089409944FF400502E
:1063F0000A94CDE90B400D9400030E94CDE90F40B3
:106400001194129407A907481394FEF78DFD08B163
:10641000FAF758FF0348FFF711F81BB030BD000032
:10642000002C0140EC0400203EB500240F480094ED
:1064300001940D4902940160A921C0E9011440F2C0
:10644000E731C16080218161FEF70FFE08B1FAF7E4
:1064500039FF0094694605480294FEF7B7FD00280D
:1064600001D0FAF72FFF3EBD001000403805002094
:10647000184810B5164901604FF4E1314160002120
:1064800081600C22C160C0E904128161C1610162B6
:1064900041628162FFF7D8FB08B1FAF713FF0021D0
:1064A0000C48FFF719FA08B1FAF70CFF0021094868
:1064B000FFF7ECF908B1FAF705FF0648FFF7C5F951
:1064C000002803D0BDE81040FAF7FCBE10BD000064
:1064D0000038014084050020184810B516490160B5
:1064E0004FF4E1314160002181600C22C160C0E9BC
:1064F00004128161C161016241628162FFF7A4FB04
:1065000008B1FAF7DFFE00210C48FFF7E5F908B102
:10651000FAF7D8FE00210948FFF7B8F908B1FAF7F1
:10652000D1FE0648FFF791F9002803D0BDE81040DE
:10653000FAF7C8BE10BD0000004400401806002055
:1065400010B500220F49104801F0C4FA08B1FAF75B
:10655000B9FE0E490C4801F096FC08B1FAF7B2FEFC
:106560000B49094801F002F908B1FAF7ABFE0648F9
:1065700001F004FD002803D0BDE81040FAF7A2BEE8
:1065800010BD00004C000020B40C00209001002041
:10659000A0000020FEE7FEE72DE9F05F044640F68C
:1065A0008F7A40F206494FF0000BA8E1B0F8441092
:1065B00001F00F06082E02D30120BDE8F09FCEB3F4
:1065C00030F826805FEA08417ED530F8261001EACF
:1065D0000A0141F0800120F8261006EB860004EB4A
:1065E000C00595F85C0105F5A87500286DD0E87820
:1065F00002286BD02978206830F8212048F68F7364
:106600001A4048F2C0031A4320F821202978206854
:1066100030F821205204B0F8502002EB00037BD563
:1066200040F2024202EBC101595A8F05BF0D74D0EE
:106630002A89BEE0FFE7C9062BD4018848F60F720D
:10664000114041F400410180206804F11005B0F8C8
:106650005010227C014440F2024000EBC200085A74
:10666000C0F30900E062616A0844606200212046CC
:10667000FDF720F9207B002897D0A869002894D145
:10668000207B216840F08000A1F84C0084F80CB019
:1066900035E1018804F5A8750A053FD5B0F850101A
:1066A0002A78014409EBC200085AC0F30900E861E6
:1066B00008281FD0206801884BF68F72114081F4A2
:1066C000805148F2800202E08BE057E063E0114322
:1066D00001802068018848F6BF73194081F01001DD
:1066E000114301802068018801EA0A0141F080011C
:1066F00001800AE10823EA8804F52671206802F087
:10670000FAF92068018801EA0A0141F0800101805C
:106710002046FDF776FDF2E044E042E00904B7D5FB
:10672000018801EA0A0141F0800101802068B0F887
:1067300050102A78014409EBC200085A83059B0DCA
:10674000EB610FD0696900290BD0EA88206802F05C
:10675000D2F9E96968690844686100212046FDF7BB
:10676000B2F8CCE0206801884BF68F72114081F4BA
:10677000405148F2800211430180C0E02068B0F827
:1067800050102B780A1809EBC301515A8F05BF0D21
:1067900013D0EA880DE0424629462046FDF7EFF87F
:1067A00007460AE009EBC101595A8F05BF0D04D015
:1067B0006A893B46696902F09EF9E8693844E861F4
:1067C000A86910B12869B84204D929782046FDF794
:1067D0007AF806E06869294638446861206801F063
:1067E000C2FF5FEA08602FD506EB860004EBC0010C
:1067F000206830F8262048F60F731A4042F4004211
:1068000020F82620C87C103101281ED05FEAC8502D
:1068100071D42068B0F850200B78024440F2024056
:1068200000EBC300105A8A69C0F3090082425AD9AA
:10683000121A8A6159D04A6902444A61CA691044ED
:10684000C861206801F08FFF59E0C1F818B0087BDB
:106850005B4620B35FEA486022D5487810B1012832
:1068600014D03EE02068B0F8502010440A7800EBC5
:10687000C200B0F80224C2F30902A0F80224B0F862
:10688000022442F40042A0F802242AE02068B0F872
:10689000502010440A7800EBC200A0F8023420E037
:1068A0004A78206812B1012A13D01AE0B0F85020BB
:1068B00010440A7800EBC200B0F80624C2F30902C3
:1068C000A0F80624B0F8062442F40042A0F80624FA
:1068D00007E0B0F8502010440A7800EBC200A0F89E
:1068E0000634097802E0C1F818B0D9B22046FCF7A6
:1068F000E1FF04E0FFE742462046FDF7AEF82068DE
:10690000B0F8441009043FF551AE002055E6704739
:106910000148FEF7C3B900008804002010B5806A62
:106920000021A0F84610C187FEF7B6F910BD7047E8
:106930000178407841EA00207047FCF7D7BE00009C
:1069400010B59AB038216846F9F7BCFC142114A898
:10695000F9F7B8FC18210EA8F9F7B4FC0020FDF7F0
:106960007FFC212000904FF48030019001200690A0
:1069700002200324CDE907045521CDE909010421B2
:10698000CDE90B010D906846FDF78CFF08B172B69A
:10699000FEE70F20CDE91404002416941794042177
:1069A00014A81894FDF736FE08B172B6FEE70D483C
:1069B000816D41F480718165806D00F48070199063
:1069C0004FF00050CDE90E404BF67F30CDE910403E
:1069D00022201290202013900EA8FDF7A7FC1AB0D9
:1069E00010BD0000001002400248016841F470012F
:1069F0000160704788ED00E00148FEF74EBC0000E2
:106A0000380500202DE9F0430268254C254D264E1F
:106A1000264B4FF08049A04207D0484505D0A842F8
:106A200003D0B04201D0984203D122F070074A68E7
:106A30003A431F4FDFF87CC0DFF87C80A0420DD0C6
:106A400048450BD0A84209D0B04207D0984205D0A3
:106A5000B84203D0604501D0404503D122F44075CF
:106A6000CA682A434D6922F080022A438D68C562B4
:106A70000D688562A04207D0984205D0B84203D085
:106A8000604501D0404501D109690163016841F0C9
:106A900004010160012141610260BDE8F083000052
:106AA000002C014000040040000800400034014078
:106AB00000400140004401400048014010B501F091
:106AC0001F010123046A8B409C430462036A8A40CD
:106AD0001343036210BD10B5846842EA032224F414
:106AE0007F440A432243826010BD00008268034B4A
:106AF0001A400A4342F00701816070478FFFCFFFC1
:106B00002DE9F043046A026A22F00102026243683E
:106B100082691D4D24F002042A400D6822F0030210
:106B200015438A68194E2243194FDFF868C0DFF811
:106B30006880DFF86890B04207D0B84205D0604561
:106B400003D0404501D0484507D1046A24F004042D
:106B5000046222F00804CA682243B04207D0B84257
:106B600005D0604503D0404501D0484505D14C696A
:106B700023F440731C438B69234343608561496858
:106B800041630262BDE8F0838FFFFEFF002C0140ED
:106B900000340140004001400044014000480140F1
:106BA000F0B5046A026A22F0100202624268836948
:106BB0001A4D1C4E2B400D6823F4407343EA052503
:106BC00024F020038C6843EA0413154CA04201D042
:106BD000B04208D1076A27F040070762CF6823F068
:106BE000800343EA0713A0420AD0B04208D00E4CFB
:106BF000A04205D00D4CA04202D00D4CA04207D1BE
:106C00004C6922F4406242EA84028C6942EA8402BE
:106C100042608561496881630362F0BDFF8FFFFEBA
:106C2000002C01400034014000400140004401407C
:106C300000480140F0B5056A026A22F480720262DF
:106C40004268C3691A4C1C4E23400C6823F00303AE
:106C50001C4325F400738D6843EA0523154DA842B3
:106C600001D0B04208D1076A27F480670762CF6875
:106C700023F4006343EA0723A8420AD0B04208D0B5
:106C80000E4DA84205D00E4DA84202D00D4DA8428F
:106C900007D14D6922F4405242EA05128D6942EA59
:106CA00005124260C4614968C1630362F0BD00001F
:106CB0008FFFFEFF002C01400034014000400140E6
:106CC0000044014000480140F0B5046A026A22F421
:106CD000805202624268C3691A4D1C4E2B400D68F7
:106CE00023F4407343EA052524F400538C6843EAF7
:106CF0000433154CA04201D0B04208D1076A27F4F2
:106D000080470762CF6823F4004343EA0733A04279
:106D10000AD0B04208D00E4CA04205D00D4CA04283
:106D200002D00D4CA04207D14C6922F4404242EA05
:106D300084128C6942EA84124260C5614968016428
:106D40000362F0BDFF8FFFFE002C014000340140C4
:106D500000400140004401400048014030B5046A51
:106D6000026A22F4803202624268036D114D2B40A8
:106D70000D681D4324F400330C8943EA04430E4C90
:106D8000A0420BD00D4CA04208D00D4CA04205D023
:106D90000C4CA04202D00C4CA04204D14C6922F40D
:106DA000803242EA042242600565496881640362D8
:106DB00030BD00008FFFFEFF002C01400034014079
:106DC00000400140004401400048014030B5046AE1
:106DD000026A22F4801202624268036D114D24F4AB
:106DE00000142B400D6843EA05230D8944EA05543D
:106DF0000D4DA8420BD00D4DA84208D00C4DA84215
:106E000005D00C4DA84202D00B4DA84204D14D69CB
:106E100022F4802242EA8522426003654968C16407
:106E2000046230BDFF8FFFFE002C014000340140A2
:106E300000400140004401400048014010B5036A91
:106E4000046A24F0010404620E4CA0420BD00E4CE4
:106E5000A04208D00D4CA04205D00D4CA04202D05B
:106E60000C4CA04203D1046A24F004040462846937
:106E700024F0F00444EA021423F00A020A43846175
:106E8000026210BD002C014000340140004001406E
:106E9000004401400048014010B5036A046A24F030
:106EA000100404620A4CA04202D00A4CA04203D152
:106EB000046A24F040040462846923F0A00324F4EB
:106EC000704444EA023243EA01118261016210BD5A
:106ED000002C01400034014030B5416EB9B1026868
:106EE00091689268C1F342610B4C520FA35CDD00C4
:106EF00004F108039A5CB5FBF2F2A0F86A20625C28
:106F0000595CD200B2FBF1F1A0F8681030BD01214C
:106F1000A0F86A10F8E700003E9E000890F82810DC
:106F2000090706D501684A68836B22F400421A43B8
:106F30004A6090F82810C90706D001684A68C36AF9
:106F400022F400321A434A6090F82810890706D5C7
:106F500001684A68036B22F480321A434A6090F851
:106F60002810490706D501684A68436B22F480223D
:106F70001A434A6090F82810C90606D501688A6845
:106F8000C36B22F480521A438A6090F82810890655
:106F900006D501688A68036C22F400521A438A609D
:106FA00090F82810490611D501684A68436C22F40C
:106FB00080121A434A60416CB1F5801F06D1016806
:106FC0004A68836C22F4C0021A434A6090F8281081
:106FD000090606D501684A68C06C22F40022024303
:106FE0004A6070472DE9F84300250446C0F89050E8
:106FF000FCF776FB8046206800684FF0200600070B
:107000006FF07E4713D54346002231042046009797
:1070100000F006FA58B1206850E8001F21F0800106
:1070200040E80012002AF6D1C4F8886021E0206808
:107030000068400722D5434600224FF480012046D5
:10704000009700F0EDF9C8B1206850E8001F21F466
:10705000907140E80012002AF6D12068083050E80C
:10706000001F21F0010140E80012002AF5D1C4F808
:107070008C6084F884500320BDE8F883C4F88860ED
:10708000C4F88C6044F86C5F656025760020F3E7F7
:1070900010B5806AFEF748FC10BD70B5846AD4F85C
:1070A0008800D4F88C5021688968090604D5212805
:1070B00002D1204600F064F820688068400604D5BC
:1070C000222D02D1204600F031F8D4F8900040F093
:1070D0001000C4F890002046FEF726FC70BD10B5E5
:1070E0000146806A09680968890616D40021A0F85B
:1070F00056100168083151E8002F22F0800241E863
:107100000023002BF5D1016851E8002F42F0400226
:1071100041E80023002BF6D110BDFEF7B9FE10BDEB
:1071200010B5806AFEF7BCFE10BD000010B5016806
:1071300051E8002F22F4907241E80023002BF6D191
:107140000E4B0168083151E8002F1A4041E8002435
:10715000002CF6D1C16E012908D1016851E8002F39
:1071600022F0100241E80023002BF6D12021C0F8C4
:107170008C100021C166416710BD0000FEFFFFEFCB
:10718000016851E8002F22F0C00241E80023002BE3
:10719000F6D10168083151E8002F22F4000241E8DD
:1071A0000023002BF5D12021C0F888107047000083
:1071B0002DE9F041044600682269A168E66911439F
:1071C00062690025324311438A4B02688A4E32407D
:1071D0000A43026020684168E26821F4405111438B
:1071E00041602168A069994201D0226A10438A68EF
:1071F000824E324002438A602068C16A626A21F08E
:107200000F011143C1627E4922687E488A420DD136
:10721000D0F8880010F0030006D0012855D00228CD
:1072200042D003283FD152E001203DE076498A4216
:107230000BD1D0F8880010F00C0035D0042833D0E2
:10724000082840D00C282ED141E070498A420BD149
:10725000D0F8880010F0300026D0102835D0202833
:1072600031D030281FD132E069498A420BD1D0F8A1
:10727000880010F0C00017D0402826D0802822D0E7
:10728000C02810D123E09A420DD1D0F8880010F424
:10729000406009D0B0F5806F17D0B0F5006F12D004
:1072A000B0F5406F13D010205A495B4E00274FF4C1
:1072B000004C9A423BD160B1022813D004280BD075
:1072C000082872D10DE00220EEE70420ECE7082048
:1072D000EAE7FDF78DFA01E0FDF7AEFA010001D112
:1072E0007CE06146606A36F810206668B1FBF2F017
:1072F00006EB4603834270D8B0EB063F6DD80023FF
:1073000008461946F8F786FF090241EA10610202B1
:1073100070081018794132460023F8F77BFF3F4A86
:10732000A0F54071914258D82168C86056E0E269E2
:107330004FF6EF7862452CD109284ED2DFE800F0F5
:107340000508114D0D4D4D4D1000FDF751FA01E0AE
:10735000FDF760FA010004D140E0FDF76DFAF9E7AE
:107360006146606A36F81000B1FBF0F041006068D9
:1073700001EB5001B1FBF0F0A0F1100141452CD818
:107380004FF6F0710140C0F3420001432068C16034
:1073900024E0092821D2DFE800F0050912200E20A0
:1073A00020201100FDF724FA02E016E0FDF732FA82
:1073B000010004D112E0FDF73FFAF9E76146606A87
:1073C00036F81000B1FBF0F1606801EB5001B1FB41
:1073D000F0F0A0F1100141450AD901250120A4F8DF
:1073E0006A0024F8680F2846E7602761BDE8F0814D
:1073F00080B299E700800040F369FFCFFFF4FF11EE
:1074000000380140001002400044004000480040A5
:10741000004C00400024F400269E0008FFFC0F00F2
:107420002DE9F0471F4690460D4604464FF00009EF
:10743000089E32E0701C30D0FCF752F9C01BB042FD
:1074400018D8BEB120680168490726D5802D24D000
:10745000402D22D0C169C94309070DD40825056212
:107460002046FFF763FEC4F8905084F88490012012
:10747000BDE8F0870320FBE7C069C04300050CD4DA
:1074800021684FF4006008622046FFF74FFE20207D
:10749000C4F8900084F88490ECE72068C06935EA6D
:1074A000000004D000204045C4D00020E0E70120C7
:1074B000F9E700000148FEF739BA00008405002012
:1074C00010B50A46024903A000F0D4FA004810BDE6
:1074D000840F002043444320436F6E6669670000B9
:1074E0002DE9F0410D46D0F8C462D0F8BC12E9B1E4
:1074F00005EB850300EB83040027A2693AB106EB94
:10750000C3031B6AB2FBF3F603FB162282B1C1F878
:107510001472D0F8C00203692BB1D1F808022A46D0
:1075200001F5047198470020BDE8F0810320FBE7D6
:1075300000231A462946A76100F084FCF3E770B5E2
:10754000D0F8BC4205466CB100F073FBC4F80C02E5
:10755000D5F8C012D4F80402CA6804F50371904744
:10756000002070BD032070BD70B50446812100F07D
:10757000CDFA002525870121204600F0C7FAA4F89E
:1075800078518221204600F0C1FAA4F84C50A4F8AA
:107590004E50D4F8BC0248B1D4F8C00204F52F74A0
:1075A00040688047206800F03EFE2560002070BDE6
:1075B00012200880004870477000002010B5D0F8F5
:1075C000BC4284B1D0F8C01259B194F80002FF282F
:1075D00007D08B6894F8012221469847FF2084F851
:1075E0000002002010BD032010BD00000A21018010
:1075F00000487047B80000204321018000487047D0
:10760000080100204321018000487047C400002089
:1076100043210180004870474C0100202DE9F047CC
:1076200004464FF4077000F0FFFD05004FF000071F
:1076300035D0C4F8BC52207C4FF010084FF40079CC
:10764000012680B3402302228121204600F047FB1F
:107650002687402302220121204600F040FBA4F8A7
:107660007861A4F84E80082303228221204600F08E
:1076700036FBA4F84C60D4F8C00200688047C5F817
:107680001472C5F81872207CD5F80422A8B14023E2
:107690000121204600F02FFB0020BDE8F0870220EA
:1076A000C4F8BC72F9E7FFE74B460222812120466D
:1076B00000F015FB26874B46CCE74B46E8E7000079
:1076C00010B50A46024903A000F0D4F9004810BDE5
:1076D000840F002043444320496E746572666163E1
:1076E0006500000004200880004870476C000020FE
:1076F00010B50A46024903A000F0BCF9004810BDCD
:10770000840F002053544D6963726F656C65637418
:10771000726F6E696373000010B50A46024903A0D8
:1077200000F0A8F9004810BD840F002053544D33D9
:1077300032205669727475616C20436F6D506F72A0
:107740007400000010B5D0F8BC1251B1027C002AC0
:10775000D1F8042207D04023012100F0CCFA002008
:1077600010BD032010BD4FF40073F5E719B1C0F848
:10777000C0120020704703207047000010B51A2087
:1077800008800A480168001D0468001D0068081888
:1077900009D008220649FEF785FB0549042210316D
:1077A0002046FEF77FFB0248801E10BD9075FF1F2C
:1077B00086000020D0F8BC0218B1C0F804120020E6
:1077C000704703207047D0F8BC0228B1C0F81022DF
:1077D000C0F8081200207047032070472DE9FC41D3
:1077E0000646D0F8BC7200200C468DF80000ADF8BB
:1077F0000400054637B1207810F0600128D0202918
:1078000044D102E00320BDE8FC81E288C2B1000659
:1078100060780AD5D6F8C0128B6839469847E28856
:10782000072A00D90722394628E087F80002A07904
:1078300087F80102E2883946304600F06CF82AE009
:10784000D6F8C012607800228B682146984722E063
:10785000607830B101281ED00A2809D00B2815D134
:1078600010E096F89C02032810D1022201A905E03D
:1078700096F89C02032809D101226946304600F09F
:1078800064F808E096F89C02032804D021463046AC
:1078900000F036F803252846B5E710B5D0F8BC123D
:1078A000012219B1D1F8143213B10FE0032010BD39
:1078B0000122C1F81422D1F81022C262D1F810328C
:1078C000D1F80822812100F0BDFA0022104610BD37
:1078D00010B5D0F8B8220AB152689047002010BD08
:1078E000134610B50A46002100F005FA002010BD2D
:1078F000134610B50A46002100F0A4FA002010BD7E
:1079000010B50446802100F082FA2046BDE8104000
:10791000002100F07CBA10B50323C0F89432C0F8FF
:1079200058211346C0F85C210A46002100F0E3F913
:10793000002010BD10B50521C0F8941200231A468E
:10794000194600F0D8F9002010BD10B50223C0F888
:10795000943282611346C2610A46002100F072FA35
:10796000002010BD10B50421C0F8941200231A465F
:10797000194600F067FA002010BDF8B50446002053
:107980000D46ADF800004988080A062848D006DCF4
:10799000012810D0022813D0032862D11EE0072846
:1079A00046D00F285DD1D4F8B402C26921E06946FF
:1079B0009047014646E0D4F8B412207C0A68F6E706
:1079C000207C02260028D4F8B80205D0C16A684697
:1079D00088470146467035E0816AF8E7C8B2062854
:1079E0003FD2DFE800F003090D111519D4F8B402F5
:1079F0004268AAB3207CDAE7D4F8B4028268F8E7D8
:107A0000D4F8B402C268F4E7D4F8B4020269F0E72B
:107A1000D4F8B4024269ECE7D4F8B4028269E8E72A
:107A2000207CE8B9D4F8B802416B68468847C0E7C3
:107A3000207CA8B9D4F8B802016B68468847014693
:107A400007204870EA888AB1BDF8000040B1824240
:107A500000D90246ADF800202046FFF776FFF8BDBA
:107A6000FFE729462046FFF74BFFF8E72046FFF7E0
:107A700079FFF4E770B5002300281ED000250446E6
:107A800002E06D1CEDB2641C2678002EF9D10224B0
:107A900004EB450414801278CA545B1C0322CA54B8
:107AA00000245B1C06E0CA545B1CDAB28C54521CE6
:107AB000D3B2401C0278002AF5D170BD01004FF00E
:107AC000000004D0012901D0022901D00320704711
:107AD0000120704778B10023C0F8B832C0F8C03236
:107AE000C0F8CC3209B1C0F8B412012180F89C1260
:107AF000027000F0A3B80320704710B5D0F8C4029C
:107B0000FBF710FFBDE81040FFF7D8BF10B5D0F865
:107B1000C402FBF7E2FEBDE81040FFF7CFBF70B52F
:107B20001646044621B194F89C02032841D048E04F
:107B3000D4F8941204F114000025022932D1D0E9BE
:107B40000232934206D99A1A826031462046FFF7E4
:107B5000CFFE0FE09A4214D14068904211D3D4F87E
:107B6000981288420DD2002211462046FFF7C0FE2F
:107B7000C4F8985200231A461946204600F0BBF874
:107B800010E094F89C02032805D1D4F8B802C1682B
:107B900009B1204688478021204600F038F9204668
:107BA000FFF7C8FE94F8A00201280AD184F8A05279
:107BB00007E0D4F8B80242691AB12046904700287D
:107BC00000D1002070BD10B51346044621B194F8D1
:107BD0009C02032823D02AE0D4F8941204F5AA705A
:107BE000032924D1D0E902218A420AD9521A82609B
:107BF0000846824200D3024619462046FFF770FE2F
:107C000015E094F89C02032805D1D4F8B802016964
:107C100009B1204688472046FFF7A4FE07E0D4F8C4
:107C2000B80282691AB120469047002800D100208E
:107C300010BDD0F8C402FCF7D6B8000010B5044659
:107C40001D481E49C0F8D842C4F8C402016008218A
:107C5000017102214171C171002101724172817271
:107C6000C172FCF7F9F908B1F9F72CFB0022D4F83E
:107C7000C4021823114604F53174FBF7FDFD5823A7
:107C8000002280212068FBF7F7FDC023002281211C
:107C90002068FBF7F1FD4FF4887300220121206872
:107CA000FBF7EAFD4FF48073002282212068FBF786
:107CB000E3FD002010BD0000D8090020005C00405A
:107CC0000A0601F07F01D0F8C40201EB810100EB4C
:107CD000C10001D5807C704790F85201704710B503
:107CE0001C461346D0F8C4022246FCF785F8BDE8CE
:107CF0001040FFF7E3BE10B5D0F8C402FCF7AAF8B5
:107D0000BDE81040FFF7DABE70B50125044680F8E3
:107D10009C520020C4F894026060C4F8A402D4F815
:107D2000B802E0B1D4F8BC1221B1426812B100210E
:107D3000204690470022402311462046FFF7CFFF00
:107D40004026A4F864513346002280212046C4F81E
:107D50006061FFF7C4FFA5840020266270BD032088
:107D600070BD90F89C12042903D190F89D1280F800
:107D70009C120020704710B5D0F8B81221B190F8CD
:107D80009C22032A02D004E0032010BDC96901B17E
:107D90008847002010BD01740020704710B5D0F84E
:107DA000C402FCF71BFABDE81040FFF787BE70B5B0
:107DB000044600F2AA20054600F04DF80120C4F860
:107DC0009402B4F8B002C4F8980294F8AA2212F00F
:107DD0001F000AD001280ED0022812D02046BDE88C
:107DE000704002F0800100F012B829462046BDE83C
:107DF000704000F0C5B829462046BDE8704000F04C
:107E0000E9B929462046BDE8704000F043B910B5F5
:107E1000D0F8C402FCF735F8BDE81040FFF74EBEBD
:107E200010B5D0F8C402FCF7F3F9BDE81040FFF735
:107E300045BE90F89C1280F89D12042180F89C1297
:107E40000020704710B5D0F8C402FCF749F8BDE82F
:107E50001040FFF733BE70B5044611F8010B2070D7
:107E600011F8010B60700D460846FEF761FDA91C74
:107E700060800D460846FEF75BFDA080A81CFEF75B
:107E800057FDE08070BD38B504460020ADF8000015
:107E900049B1C4F8B812C96A19B168468847C4F82C
:107EA000CC02002038BD032038BD03460320D3F8A0
:107EB000B822002A02D01268184610477047000006
:107EC0002DE9F0410F462C4E89780025044631708B
:107ED000012906D939462046FFF712FD0320BDE8E7
:107EE000F08194F89C0202280CD003281DD039465A
:107EF0002046FFF705FD31782046FFF7E9FC032512
:107F00002846ECE799B320466160FFF7CEFF0500F5
:107F100004D039462046FFF7F3FCF1E72046FFF78F
:107F200021FD032084F89C02EAE74FF00208C1B16A
:107F3000606888421BD0C1B22046FFF7C9FC317887
:107F400020466160FFF7B1FF050010D0394620469A
:107F5000FFF7D6FC21792046FFF7BAFC84F89C8213
:107F6000CEE784F89C8220466160FFF7B1FC204692
:107F7000FFF7F8FCC4E70000B4000020FFF750BF93
:107F80002DE9F0410A78002712F0600208D0202A7B
:107F900001D0402A71D1D0F8B8229268904731E0E0
:107FA0004A78002301260A2A67D2DFE802F0415E00
:107FB0006658660805662D29FFF7DFFC5FE004467A
:107FC0008888D8B9C888C8B94888802816D200F0EF
:107FD0007F0594F89C02032810D084F89E5229460D
:107FE0002046FFF7DBFE2046FFF7BCFC1DB1022058
:107FF00084F89C0243E084F89C6240E020463CE028
:10800000FFF75EFF07463AE0CA88012A35D190F8AB
:108010009C22012A04D0022A02D0032A2DD104E096
:10802000012200F10801836016E00122011D13E026
:1080300090F89C22012A03D0022A01D0032A1CD1E5
:10804000CA88022A19D1C660D0F8A41209B1032146
:10805000C160022200F10C01FFF777FC0FE04988B4
:1080600001290CD1C0F8A46211E090F89C22012AE9
:1080700008D0022A06D0032A04D0FFF741FC384674
:10808000BDE8F08149880129F9D1C0F8A432FFF791
:1080900069FCF4E72DE9F0410D46044628780027F5
:1080A000097910F060000BD0202801D040286DD154
:1080B000D4F8B8022946826820469047074686E0F1
:1080C0006878A8B3012822D003287CD194F89C02B8
:1080D000022802D0032876D10BE0002973D0802932
:1080E00071D02046FFF793FE80212046FFF78FFED8
:1080F0006DE0688838B931B1802904D0E88810B9BA
:108100002046FFF784FE2046FFF72CFC5FE094F842
:108110009C020228E1D0032855D16888A8BB4806F4
:1081200002D02046FFF7E9FC2046FFF71BFCBFE723
:10813000FFE794F89C020026022802D0032842D1CF
:1081400011E009B180293ED1080601F07F0000EB63
:10815000800004EB800101D5143101E001F5AA7122
:1081600002220E602BE0080601F00F0000EB8000F9
:1081700004EB80000BD5808C40B101F07F0000EB58
:10818000800004EB800514350CE020E01BE0B0F823
:108190006401C0B101F07F0000EB800004EB8005BA
:1081A00005F5AA7541B1802906D02046FFF788FD64
:1081B00010B10120286000E02E60022229462046EE
:1081C000FFF7C3FB03E029462046FFF799FB38463B
:1081D000BDE8F08170B50646087800240D4610F021
:1081E000600203D0202A01D0402A17D196F89C02C1
:1081F000012803D0022801D003280FD128790128B3
:108200000CD8D6F8B802826830469047E988044610
:10821000214306D13046FFF7A5FB02E03046FFF7C9
:108220006FFB204670BD704700487047B8070020BC
:108230002DE9F04F0E78002530F8262048F68F13F0
:108240001A40CB78002B7DD0012B7CD0022B02D0A2
:10825000032B79D0012548F28004224320F8262000
:108260000A7830F8223048F68F7C03EA0C03134377
:10827000234320F822300A7B48F2C00948F6BF7732
:108280004CF2800A4BF68F764FF6FF7B4FF4004E90
:10829000F2B3CA78022A0A7830F822307ED048F643
:1082A0008F6803EA0803234320F82230B0F85020F7
:1082B0000B78024402EBC3020B8923F00103A2F8FE
:1082C0000034B0F850200B78024402EBC3024B8913
:1082D00023F00103A2F804344A78002A0A7830F81F
:1082E00022304FEA43437DD0002B07DA30F82230AA
:1082F00003EA0C0343EA0A0320F822300A7830F834
:1083000022305B0609D530F8223003EA0C0300E086
:1083100027E043EA090320F82230CA78012A0A78C4
:1083200030F8223003EA070301D083F0200323430F
:1083300020F82230097830F821203240224320F8FA
:10834000212002E004E009E005E02846BDE8F08FC6
:1083500042F400727FE742F4C0627CE742F480623C
:1083600079E74A78002AB0F850200B78024402EBF3
:10837000C302CB8823F001031FD0A2F800340A788F
:1083800030F822305B0607D530F8223003EA0C03C0
:1083900043EA090320F82230CA7800E054E0012AB9
:1083A00006D0097830F821203A4082F02002C5E753
:1083B000097830F821203A40C0E7A2F80434B0F838
:1083C00050200B78024402EBC302B2F80634C3F328
:1083D0000903A2F806340B6902F206425BB13E2B98
:1083E0000DD800E037E05F08DB0700D07F1C138862
:1083F0000BEA87270AE0138843F4004307E05F098C
:10840000DB0600D17F1E13884EEA87273B4313808B
:108410000A7830F822305B0407D530F8223003EABE
:108420000C0343EA0A0320F82230097829B130F816
:108430002120324082F4005280E70188314081F4EB
:108440004051214301807CE703EA0C0348F2801885
:1084500043EA080328E7002B07DA30F8223003EA62
:108460000C0343EA0A0320F822300A7830F822305D
:108470005B0607D530F8223003EA0C0343EA090310
:1084800020F822304A7812B1012A2DD035E0B0F818
:1084900050200B78024402EBC302B2F80234C3F35B
:1084A0000903A2F802340B6902F202425BB13E2BCF
:1084B0000ED84FEA530CDB0701D00CF1010C1388E6
:1084C0000BEA8C2C0DE0138843F40043138014E076
:1084D0004FEA531CDB0601D1ACF1010C13884EEAC4
:1084E0008C2C43EA0C03F1E7B0F850200B780244DF
:1084F00002EBC3020B8AA2F802344A7812B1012AB5
:108500002DD035E0B0F850200B78024402EBC302C6
:10851000B2F80634C3F30903A2F806340B6902F279
:1085200006425BB13E2B0ED84FEA530CDB0701D05D
:108530000CF1010C13880BEA8C2C0DE0138843F42A
:108540000043138014E04FEA531CDB0601D1ACF169
:10855000010C13884EEA8C2C43EA0C03F1E7B0F8C7
:1085600050301A180B7802EBC3020B8AA2F80634BB
:108570000A7830F82230334083F44053234320F804
:10858000223015E72DE9F04391F80C804C780A78F9
:1085900048F6BF774BF68F7948F2800548F2C0065F
:1085A0004CF2800C48F68F73B8F1000F29D0002CE4
:1085B00030F822404FEA444448D0002C06DA30F824
:1085C00022401C4044EA0C0420F822400A7830F88B
:1085D0002240640605D530F822401C40344320F880
:1085E00022400A7830F822401C4044EA0C0420F86B
:1085F00022400A7830F822303B402B4320F82230CA
:1086000019E0002C30F822400CD0640605D530F873
:1086100022401C40344320F82240097830F82120C1
:108620003A400DE0640406D530F822401C4044EA8C
:108630000C0420F82240097830F8212002EA0902CF
:108640002A4320F821200020BDE8F083002C06DA20
:1086500030F822401C4044EA0C0420F822400A78FA
:1086600030F82240640605D530F822401C403443DF
:1086700020F822400A7830F822401C40344320F889
:1086800022400A7830F8223003EA09032B4320F80D
:108690002230C2E730F8581F41F400410180002029
:1086A0007047012120F8401F002101808180018254
:1086B0000846704730F8401F4BF6807291430180A6
:1086C0000020704730B54B780A78002B48F68F753C
:1086D00030F8223048F2800415D05B0607D530F818
:1086E00022302B4048F2C0052B4320F82230CA78B4
:1086F000012A1DD0097830F8212048F6BF731A40AE
:1087000082F0200211E05B0407D530F822302B40C4
:108710004CF280052B4320F82230097830F82120D4
:108720004BF68F731A4082F44052224320F82120E6
:10873000002030BD10B54A780978002A48F280033D
:1087400030F8212005D048F6BF74224082F0100294
:1087500004E04BF68F74224082F480521A4320F8D2
:108760002120002010BD2DE9F04706460C46487830
:10877000097B4FF0000848F68F7248F2801348F6E4
:108780008F6748F2800A012809D0002971D0E0786B
:1087900002286FD001286ED00120BDE8F087A569BE
:1087A0002069854200D9054691B1E17802291ED0A1
:1087B000206A401B2062207836F820104906B6F85F
:1087C0005010314401EBC00075D5A0F8065418E1F3
:1087D000ABB2E2883046616900F0A7F9B6F8500004
:1087E0002178304400EBC100A0F802540FE1216A67
:1087F0008142207879D936F820101140194326F8A3
:108800002010206A401B2062207836F820104FF696
:10881000FF77490661784FF4004967D511B1012906
:108820002AD030E0B6F85010314401EBC000B0F867
:108830000614C1F30901A0F8061400F206404DB178
:108840003E2D0CD86908EA0700D0491C028807EAC7
:1088500081210BE0018841F40041018013E06909A6
:10886000EA0600D1491E028849EA81210A430280B2
:1088700009E0EEE006E11BE1B6F85020911901EBAA
:10888000C000A0F806546289ABB23046616900F0BE
:108890004CF96069284460612169206A884202D9E4
:1088A000401B206202E00546C4F82080607818B1C1
:1088B00001282BD032E02FE0B6F850002178304468
:1088C00000EBC100B0F80214C1F30901A0F80214D2
:1088D00000F202405DB13E2D0ED86908EA0700D0D3
:1088E000491C028807EA81210DE0A0E018E0018818
:1088F00041F40041018011E06909EA0600D1491EF6
:10890000028849EA81210A43028007E0B6F8500054
:108910002178304400EBC100A0F80254228971E0B4
:1089200011B1012927D02DE0B6F85010314401EBE8
:10893000C000B0F80214C1F30901A0F8021400F25B
:1089400002404DB13E2D0CD86908EA0700D0491C01
:10895000028807EA81210BE0018841F4004101808F
:1089600010E06909EA0600D1491E028849EA81211E
:108970000A43028006E0B6F85010314401EBC00013
:10898000A0F802542289ABB23046616900F0CDF8FC
:108990006069284460612169206A884202D9401BCD
:1089A000206202E00546C4F82080607810B10128FA
:1089B00036D026E0B6F850002178304400EBC100F4
:1089C000B0F80614C1F30901A0F8061400F206403D
:1089D0004DB13E2D0CD86908EA0700D0491C028829
:1089E00007EA81210BE0018841F40041018008E0A1
:1089F0006909EA0600D1491E028849EA81210A4331
:108A000002806289ABB23046616900F08EF820784E
:108A100036F8201048F6BF72114081F0300151E065
:108A2000B6F850108819217800EBC100CDE636F871
:108A300020203A4042EA0A0226F82020B6F85000E8
:108A40002278304400EBC2008BB2A0F802342289B5
:108A5000D9E7A06908B9E07870B1207836F820101D
:108A6000394041EA0A0126F820102169A0698842AC
:108A70001ED9401AA0611DE0207836F82010114060
:108A80001943F0E7E069A8B1217836F821004304E2
:108A900001D5430603D444F2400318420AD136F804
:108AA0002100104048F2C002104326F8210001E0E6
:108AB000C4F81880207836F820104BF68F721140D9
:108AC00081F4405141EA0A0126F82010002064E6B2
:108AD0000021A0F844104BF68071A0F8401000204F
:108AE000704700000148FBF712BA0000D8090020C7
:108AF000B0F84400704710B510445C0800F5806081
:108B000008D030F8022B01F8012B120A01F8012BD2
:108B1000641EF6D1DA0701D00088087010BD11B9C3
:108B20008021A0F84C100020704710B55B1C104449
:108B30005B0800F5806009D011F8012B11F8014B9A
:108B400042EA042220F8022B5B1EF5D110BDFEE79D
:108B50007CB50C001D461646014601D0601E00E0A3
:108B60000020CDE90010064B6A462946304600F049
:108B700033FB002C02D0009A002111707CBD000054
:108B8000DF9800084100080218BF04200A0E18BF31
:108B900040F001004FF07F4232EA010108BF40F08F
:108BA0000200012808BF052070470907090E0028A8
:108BB00004DB00F1E02080F80014704700F00F00A3
:108BC00000F1E02080F8141D7047000010EE101A2C
:108BD00008B5444A6846B2EB410F28D94FF0E64049
:108BE000B0EB410F94BF00204FF0FF300090009891
:108BF000002861DB60EE000A10F0010F45D010F094
:108C0000020FDFED391A9FED391A00EEE11ADFEDA0
:108C1000381A40EE811A21EEA01AF0EE400A40EE1A
:108C2000010A08BFF1EE600AB0EE600A08BD314BE0
:108C300021F0004293423CD911F0004FDFED2E0AA3
:108C400020EE201ADFED2D0A19BF31EE601A71EE09
:108C5000200A31EE201A71EE600ABDEEE01A11EE24
:108C6000100A9FED271A00F0030000EEC10A9FEDE5
:108C7000251A009000EEC10A9FED231A00EEC10AEA
:108C80009FED221A00EEC10AB1E79FED211A9FED78
:108C9000210A10F0020F00EE810A9FED1F1A00EE6C
:108CA000801AB7EE000A00EE810A18BFB1EE400A42
:108CB00008BD00F00FF99AE710EE100A4000B0F17D
:108CC0007F4F3CBFB7EE000A08BD07D14FF001004F
:108CD00000F0BAF9BDE8084000F0ECB8BDE8084083
:108CE00000F0E4B8B61F927E336D4C39DA82083C4E
:108CF000A0AA2ABE490E494683F9223F0000004B34
:108D00000000C93F00A0FD390020A2331A61342CB5
:108D1000B93AB2BACA9F2A3DDDFFFFBE00B510EED8
:108D2000101A2DED028B81B0524A6846B2EB410F0A
:108D30002ED94FF0E640B0EB410F94BF00204FF02A
:108D4000FF3000900098B0EE408A00286ADB10F0F7
:108D5000010F4BD068EE080A9FED471A9FED470AB6
:108D600000EE810A9FED461A10F0020F00EE801A05
:108D7000B7EE000A00EE810A02BF01B0BDEC028B23
:108D800000BD00BF01B0B1EE400ABDEC028B00BDDA
:108D90003C4B21F00042934241D911F0004FDFEDEE
:108DA0003A0A20EE201ADFED390A19BF31EE601AB7
:108DB00071EE200A31EE201A71EE600ABDEEE01A63
:108DC00011EE100A9FED321A00F0030000EEC10A06
:108DD0009FED301A009000EEC10A9FED2F1A00EEB1
:108DE000C10A9FED2E1A00EEC10AABE728EE080A71
:108DF0009FED2B1ADFED2B0A10F0020F40EE410A17
:108E00009FED291A00EE201A61EE000AB0EE480A22
:108E100008EE200AB6D101B0BDEC028B00BD00F017
:108E200059F88FE718EE100A4000B0F17F4F0DD2CD
:108E300018EE100AFFF7A6FE042808BF00F042F85B
:108E4000B0EE480A01B0BDEC028B00BD09D1012093
:108E500000F0FAF801B0BDEC028B5DF804EB00F015
:108E600029B801B0B0EE480ABDEC028B5DF804EB06
:108E700000F01CB8B61F927EB93AB2BACA9F2A3D1A
:108E8000DDFFFFBE490E494683F9223F0000004B3B
:108E90000000C93F00A0FD390020A2331A61342C24
:108EA000336D4C39DA82083CA0AA2ABE30EE000AA3
:108EB00070470000DFED020A80EEA00A7047000054
:108EC000000000009FED020A20EE000A704700003B
:108ED000000000102DE9F0014FF07F42B2EB410F8E
:108EE0009FBF4FF0FF310160BDE8F00170474FF0C8
:108EF000004242EA0123C1F3C752783A551112F0F9
:108F00001F0C434CCCF120067C44C1F3C752A2F1A4
:108F100078024FEA621204EB820254F8254008BF3F
:108F2000D2E9015612D0556804FA0CF425FA06F776
:108F30003C43976805FA0CF527FA06F8D26807FA59
:108F40000CFCF24045EA08054CEA0206A4FB034C7F
:108F5000A5FB0352A6FB03631D449D4234BF0126BB
:108F600000261319334416B1934202D903E0934209
:108F700001D2012200E00022624402F1200C92069C
:108F8000DC0C42EA443200EE102A5B03DFED210ADA
:108F9000F8EEC01A00EE103A4FEA9C1C11F0004F98
:108FA000B8EE400AC0F800C020EE201A00EE105AB9
:108FB000DFED190AB8EE400A20EE200A71EE810AB0
:108FC00070EE800A10EE902A02F500626FF30B0239
:108FD00000EE902A70EEE11A31EEC11ADFED101AA0
:108FE00030EE411A9FED0D0A20EE800A01EE210AB3
:108FF0009FED0C1A00EE810A04BFBDE8F001704736
:10900000CCF180510160BDE8F001B1EE400A70473B
:109010005C0F0000000000360000802C22AAFD2911
:10902000DB0FC92F0000C92F02E008C8121F08C1BA
:10903000002AFAD170477047002001E001C1121FD9
:10904000002AFBD17047000001490860704700000A
:10905000480300202DE9FF5F82B00021DDE90430E4
:10906000020DDDF840B0034318D044F61050A2F2D0
:10907000FF3242431514119801281FD0A5EB0B00B5
:10908000401C5FEA000A4FF000064E4FDFF83891AF
:10909000B046504615D5CAF1000413E011980124DA
:1090A0004AA3012801D16FEA0B010298119AC0E985
:1090B0000031C0E9024206B0BDE8F09FCBF10000EC
:1090C000DFE704460021404A491842EB0450CDE94D
:1090D000001012E0E00707D032463B4640464946C2
:1090E000F7F724FA8046894632463B461046194631
:1090F000F7F71CFA06460F466410002CEAD1DDE9AA
:109100000401DDE90023BAF1000F06DAF7F70EFAE1
:1091100042464B46F7F70AFA05E0F7F779FA424676
:109120004B46F7F775FA04460E460022284BF7F730
:10913000F7FA03D84FF0FF30014607E00022254B35
:1091400020463146F7F74BF9F7F7D1FA102409E03A
:10915000002C0ADB0A220023F7F75CF8039B30326D
:109160001A55641E50EA0102F2D1641C039AC4F13C
:1091700011031444119A012A03D0012208430DD18E
:109180000AE0084304D000204FF0110B119072E761
:10919000A3EB0B056D1E0DE05B4504DD4FF00002F7
:1091A00005F1010504E003DA4FF00002A5F1010525
:1091B000002AECD002981199C0E90231C0E90045BB
:1091C00079E70000000014400000F03F300000008C
:1091D0000000F0430000E03F2DE9FF4F95B09A46B4
:1091E000884606460025EEE1252877D1002427464B
:1091F000F94A0121039400E0044316F8013F203BA3
:1092000001FA03F01042F7D130782A2811D06FF01C
:109210002F033078A0F13002092A16D8039A44F0BF
:10922000020402EB820203EB42021044761C03901C
:10923000EFE758F8042B0392002A03DA504244F473
:109240000054039044F00204761C30782E2816D186
:1092500016F8010F44F004042A280DD06FF02F02F5
:109260003078A0F13003092B09D807EB870302EB14
:109270004303C718761CF3E758F8047B761C307854
:109280006C280FD006DC4C2817D068280DD06A282F
:1092900014D104E0742810D07A280FD10DE044F4E2
:1092A00000140AE044F4801401E044F4401472789D
:1092B000824202D104F58014761C761C3078662830
:1092C0000BD013DC582877D009DC002875D045284E
:1092D000F6D04628F4D047281AD193E118E0632845
:1092E00035D0642879D0652812D18BE1702873D0ED
:1092F00008DC6728F1D069286FD06E280DD06F2860
:1093000006D1ACE073282CD0752874D0782853D0BF
:109310005246179990476D1C54E1C4F3025002283D
:1093200009D003280DD0D8F8001004280DD00D6006
:1093300008F1040846E1D8F80010EA17C1E9005224
:10934000F6E7D8F800100D80F2E70D70F0E718F896
:10935000041B8DF8001000208DF80100EB46012061
:1093600003E058F804BB4FF0FF3061074FF00001F5
:1093700002D40DE009F101018946B9420FDA8145B5
:10938000F8DB1BF809100029F4D108E009F101010C
:1093900089468142FADB1BF809100029F6D10398AF
:1093A0005346A0EB090721463846179A00F080FA89
:1093B000284400EB090507E044E008E10DE01BF854
:1093C000010B524617999047B9F10109F7D253465C
:1093D00021463846179AF2E039E00A21C4F30252D6
:1093E0004FF0000B0091022A06D058F8040BC11769
:1093F000032A09D00AE023E008F1070020F0070261
:10940000F2E80201904605E000B2C117042A01D13A
:1094100040B2C117002906DA0A460021404261EB3A
:1094200002012D2202E0220504D52B228DF8042012
:10943000012203E0E20701D02022F7E7914657E03E
:109440000A2100E010214FF0000B00910BE01021E9
:109450004FF0000B44F004040827009103E00820BB
:109460004FF0000B0090C4F30252022A05D058F8C6
:10947000040B0021032A08D008E008F1070020F0BF
:109480000702F2E80201904603E080B2042A00D10C
:10949000C0B24FF0000922072AD53278702A07D0CF
:1094A000DDF800C08CF0100C5CEA0B0C05D00EE06F
:1094B00040228DF80420012208E050EA010306D082
:1094C00030238DF804308DF8052002229146009B50
:1094D00083F0080353EA0B030AD150EA010201D1D9
:1094E000620705D530228DF804204FF001097F1E58
:1094F0003278582A04D039A20C920CAA02920BE0BE
:109500003BA2F9E75B46009AF6F784FE0C9B9B5C56
:10951000029A521E0292137050EA0102F2D102988E
:1095200004A9081A00F1200B600702D524F4803446
:1095300000E001275F4502DDA7EB0B0000E0002003
:1095400000EB0B01009003984944401A0390E0039C
:1095500006D453462146179A039800F0A9F905440A
:10956000002706E001A85246C05D179990476D1C80
:109570007F1C4F45F6DBE0030CD553462146179A76
:10958000039800F095F9054404E0302052461799FD
:1095900090476D1C0099481E00900029F5DC08E0FA
:1095A0000298029952460078491C029117999047F7
:1095B0006D1CBBF10001ABF1010BF1DC5BE100F0D4
:1095C00065F90544761C307800287FF40DAE19B09B
:1095D0002846BDE8F08F0000092801003031323301
:1095E00034353637383961626364656600000000DF
:1095F00030313233343536373839414243444546C9
:1096000000000000600700D4062708F1070020F0E2
:109610000700F0E80223804603F0004C5FEA0C00EC
:1096200001D097A009E0200501D596A005E0E0074C
:1096300001D095A001E0AFF24C001390307823F0F8
:10964000004365280CD006DC452809D046281DD0EB
:1096500047287FD13BE0662818D067287AD136E0CA
:109660000021112F01DB112000E0781CCDE9000161
:1096700004A90CA8FFF7EEFCDDE90D010C9A4FF0F0
:10968000000B07F10109109200914EE04FF00040ED
:109690000097CDE9011004A90CA8FFF7DBFCDDE978
:1096A0000D020C9B0F994FF0000B91461093009206
:1096B00011B9791C00EB0109B7EB090003D4C0F123
:1096C000FF3B07F10109A9EB0700019042E0012FE0
:1096D00000DA01270021112F01DD112000E03846BA
:1096E000CDE9000104A90CA8FFF7B4FCDDE90D01E8
:1096F0000C9A00914FF0000BB946109221070FD43D
:10970000009A4A4503DA914601E0A9F10109B9F14D
:10971000010F05DD109AA9F10101515C3029F4D047
:10972000B84202DA10F1040F03DA0121CDE9011089
:1097300010E0002803DC8344A9EB000102E0411C97
:10974000494500DD8946A0EB0B00401C01904FF01D
:1097500000400290200705D40198484502DB4FF0F5
:10976000FF30019000208DF84B0002980DF14B075F
:10977000B0F1004F25D002200C902B200D900298C4
:1097800000280CDA404202902D200D9007E00A21BB
:109790000298F6F7B8FD3031029007F8011D0C99D8
:1097A000481E0C900029F2DC02980028EFD1791EA7
:1097B0000D980870307800F0200040F0450007F860
:1097C000020D11A8C01BC01D02901398007800B1B3
:1097D000012000EB0901019801EBE07102980144BE
:1097E0000398401A401E0390E00306D453462146D6
:1097F000179A039800F05CF805441398007818B1A4
:109800005246179990476D1CE00323D553462146D5
:10981000179A039800F04CF805441BE0BBF1000FC9
:1098200007DB0098584504DD1098179910F80B00D5
:1098300001E0179930205246904701980BF1010B37
:10984000401E05F10105019004D12E2052461799C2
:1098500090476D1CB9F10001A9F10109DEDC05E0BA
:1098600017F8010B5246179990476D1C0299481E34
:1098700002900029F4DC53462146179A03989EE68D
:109880002D0000002B000000200000002DE9F04119
:10989000044600251E461746880404D405E03946D0
:1098A0002020B0476D1C641EF9D52846BDE8F08124
:1098B0002DE9F041044600251E469046C80301D517
:1098C000302700E02027880404D505E041463846CB
:1098D000B0476D1C641EF9D52846BDE8F0814A6882
:1098E000002A06D00A68531C0B6010704868401E9E
:1098F00048607047F9F702FFFDF722F8FCF796FC85
:10990000FCF746FCFCF7A2FBFCF7FAFBFCF766FC55
:10991000FCF7D8FCFCF7FEFCFCF7AAFDFCF7DCFD2D
:10992000FCF782FDFCF70CFE00F002F8FEE70000F9
:109930004148424A3F494FF4FA752DED028B0068C9
:10994000C0E901123E4AC260012202704580084609
:10995000FBF7E6FB7F213B48F8F762F87F213A48A6
:10996000F8F75EF839A000F0EBF93C48428801882E
:109970003BA000F0E5F9414800F036FA0120F9F784
:10998000DFF93148F8F7BCFC2E48F8F7B9FC0C2198
:109990003B48FBF743FE3B4C206820F4006020600E
:1099A0002846F9F7CDF9F7F743F90146012802D027
:1099B00035A000F02FFA3E4D00262E703E489FED58
:1099C0003D8A80ED028A3D4880ED028AF7F7E2FF8A
:1099D000F0EE480AB0EE480AF7F7C4FEF7F774FE57
:1099E000206840F4006020606E70FCF7B3FA014616
:1099F00033A000F00FFA002442F26027A87878B173
:109A0000E878012801D020B10AE04CB939462F4846
:109A100002E02CB939462E48F7F73EF800B9AE708F
:109A200028790028EAD02E71A86900F50030A861D5
:109A3000E4E70000380500203C000020240400205A
:109A4000DD6100084C030020B803002075736172CB
:109A50007431206973204F4B210D0A0084190020B6
:109A60006F66667365745F613D25642C6F6666730F
:109A700065745F623D25640D0A00000084050020C6
:109A8000EC04002014040048456E636F6465722086
:109A90004C55542063616C6962726174696F6E2009
:109AA0006661696C65643A2025750D0A0000000046
:109AB000F001002000000000E4020020F802002075
:109AC000616E676C653D25750D0A0000302A002027
:109AD000904C00207FB50024274A0DF10503F9F7CB
:109AE00069F900281ED1244988680A68B0F1005F2E
:109AF0000DD0002002430092C9680020092909D234
:109B0000DFE801F00811131517191B1D1F004FF492
:109B10000040EFE78DF804001848009A0168886952
:109B200088B100BE7FBD0120F4E70220F2E70320E8
:109B3000F0E70420EEE70520ECE70620EAE707203F
:109B4000E8E70820E6E74868098907E003884588D0
:109B500053402B4206D0491E89B20C300029F5D162
:109B6000002CDFD00028DDD08268002ADAD04068DF
:109B7000694690477FBD0000900700204800002004
:109B800070B5054600680C4600268068F9F79CF918
:109B900020B320881B4BC0F30A004FF0005118601F
:109BA000206801EA80309860002058609861586110
:109BB00018621861D8612179092907D2DFE801F01C
:109BC0000510121416181A1C1E00D8602868621D91
:109BD0000C498068F9F7C6F890B10026304670BD90
:109BE0000120F2E70220F0E70320EEE70420ECE793
:109BF0000520EAE70620E8E70720E6E70820E4E793
:109C00000126EBE76C07002007B5BDF80000BDF8A2
:109C10000410884205D3BDF80000BDF80410401AB6
:109C200005E0BDF80400BDF80010101A084480B229
:109C30000EBD2DE9F04116460F460546002406E00C
:109C40002888394600F076F82880641CA4B2B44213
:109C5000F6D3BDE8F0812DE9FF410646BDF80400CA
:109C60000A9F1D469046002406E0315C2955414676
:109C700000F060F8641CA4B2BC42F6D3BDE8FF81DA
:109C80002DE9F0479A46DDE9089816460D46074645
:109C900000240DE02888514600F04CF831888142BC
:109CA00008D019F804102A88B9542880641CA4B27A
:109CB0004445EFD3BDE8F087F8B5144D2878002867
:109CC00022D14FF40066A98832466888FFF79CFFCE
:109CD000002819D00446B010844200D904460094EC
:109CE0000B4BA9883246A3F54060FFF7B4FF012073
:109CF00028706C81224606490648FCF781F8002846
:109D000002D0002028706881F8BD0000E00100202A
:109D1000302600208405002010B5054C62894FF4E0
:109D20000061201DFFF785FF00206081207010BDBD
:109D3000E0010020401C80B2884200D30020704720
:109D40000FB410B5ADF5027D4FF4007485AB21461C
:109D500002A8849AFEF7FCFE00280DDDA04200DB7D
:109D6000601E80B202A9CDE90010064A4FF40063DC
:109D7000911E0548FFF784FF0DF5027D10BC5DF8CC
:109D800014FB0000E4010020301A0020F8B5144D47
:109D90006878002823D14FF4806629893246E88804
:109DA000FFF732FF00281AD004467010844200D911
:109DB000044600940B4B29893246A3F5C060FFF797
:109DC0004AFF01206870AC8106492246A1F69460E2
:109DD000FCF716F8002802D000206870A881F8BDB2
:109DE000E001002030280020084910B5884203D146
:109DF000BDE81040FFF760BF0549884201D0FFF77A
:109E00005BFFBDE81040FFF7C1BF000084050020E4
:109E10009C19002070470001020304050607080C86
:109E20001014182030400100020004000600080051
:109E30000A000C0010002000400080000001010119
:109E400001030701000008040204080101010000E9
:109E500000000000000001020304060708090000DA
:109E60000000010203040000000000006E83F9A25C
:109E70002915444ED15727FCC0DD34F5999562DB96
:109E80004190433CAB6351FEA89E000800000020B7
:109E90004C03000052080008C49F00084C03002037
:109EA000A471000038900008413210021701F9181F
:109EB000031924F413B1751408E5761B08F1041393
:109EC00019771B087D041BC1740419104117040382
:109ED00009041201140202021640830440571D02B5
:109EE00001020361031A1A0313590A1B0853041AC7
:109EF0004F041A7D041A950441130A0632022A40BF
:109F0000A01C0902434B111DC0320904B11A020BF7
:109F1000130524161001052401100901042402026E
:109F2000052406170107058203081C100904813265
:109F30000A1D07050102432C070581070938442A39
:109F400040072A8107112B0907440A3B0444131DCB
:109F500076140869754C08DD77E81ABD0C13E174B6
:109F60001B083F08C11A05281AF9141A1108DAED5E
:109F70001C014C035E01012307FF25C3F538BE0019
:109F80000B444041D122BB3F77BE9F3F381482A88B
:109F9000FB37EFC9433DACC527373CBC67393D466D
:109FA00071581DCDCCCCBE04FD3EE02D90143196F1
:109FB0003F8FC2F53C1F80BB449A99192CA3103ADD
:049FC0000318A042A0
:04000005080001D915
:00000001FF
